1	34365	sha1:446d94b7723807465e3eb311e8253307850de5a6	http://updates-http.cdn-apple.com/2019/ios/041-71823-20190919-727D8F22-D598-11E9-BBB9-A15472111DF7/com_apple_MobileAsset_Font6/841944629a9ea70a0dab8a1e62ab2acb29cbeec7.zip	x ar	Al Firat	.AlFirat PUA
1	58238	sha1:51ed9737c207e93a5d5289945bd65b5884bcd899	http://updates-http.cdn-apple.com/2019/ios/041-71823-20190919-727D8F22-D598-11E9-BBB9-A15472111DF7/com_apple_MobileAsset_Font6/f57b20db7ea9a9cb14b68a9fa57561686d5647d2.zip	x ar	Al Khalil	Al Khalil	.AlKhalil PUA	.AlKhalil PUA
1	26803	sha1:244113e42cdc483328b383584fb2e0e2f1a65a22	http://updates-http.cdn-apple.com/2019/ios/041-71823-20190919-727D8F22-D598-11E9-BBB9-A15472111DF7/com_apple_MobileAsset_Font6/aac0dab6c32d5e9b9a13319df463036a180c3204.zip	x ar	Al Rafidain	.Al Rafidain PUA
1	101972	sha1:505f149b103938637ca9eeac10b6912030ac7617	http://updates-http.cdn-apple.com/2019/ios/041-71823-20190919-727D8F22-D598-11E9-BBB9-A15472111DF7/com_apple_MobileAsset_Font6/3fca745e7a4defa2e64afac133cee8bdd01c40ff.zip	x fa ar	Al Bayan	.Al Bayan PUA	Al Bayan	.Al Bayan PUA
1	47251	sha1:36f4a85bf4c4511a0be7f2c5a9d3f703dfb40e22	http://updates-http.cdn-apple.com/2019/ios/041-71823-20190919-727D8F22-D598-11E9-BBB9-A15472111DF7/com_apple_MobileAsset_Font6/6abfe5a1e1dfd714d66a87614ecedfc47c8aa5b6.zip	x ar	Algiers	.Algiers PUA
1	28245	sha1:56b2d65ea03d33a408f2ee76176d85cdefb343d5	http://updates-http.cdn-apple.com/2019/ios/041-71823-20190919-727D8F22-D598-11E9-BBB9-A15472111DF7/com_apple_MobileAsset_Font6/dbfb25411d4a7fa53b3fd9392f7e827c9289236b.zip	x ar	Al Rafidain Al Fanni	.AlRafidain AlFanni PUA
1	43114	sha1:5097664489604d23c8752320a4acbea6b720d1d4	http://updates-http.cdn-apple.com/2019/ios/041-71823-20190919-727D8F22-D598-11E9-BBB9-A15472111DF7/com_apple_MobileAsset_Font6/9ffbf66ace33e86ecb922ac1596d95042929bc9b.zip	x ar	Al Tarikh	.Al Tarikh PUA
1	68826	sha1:f4ac4003b08f8fa77c59b8235bfe4c5b34452da4	http://updates-http.cdn-apple.com/2019/ios/041-71823-20190919-727D8F22-D598-11E9-BBB9-A15472111DF7/com_apple_MobileAsset_Font6/39472d867c163bbe0cc77c5996cf5c6e7cd372db.zip	x id fi tr gv nl hu is it ca nn om sv pl da en sw nb af eo gl gsw lt ms cs sk fo mt kw sl lv de ga es fr et kl so eu pt zu hr sq cy	Andale Mono
1	171793	sha1:e8a41fefeb0e171a2dfb6a20d0717e560aac4b2a	http://updates-http.cdn-apple.com/2019/ios/041-71823-20190919-727D8F22-D598-11E9-BBB9-A15472111DF7/com_apple_MobileAsset_Font6/960a9a625e450168d6ba4e9d8f3614c252f4fc90.zip	x et gl so gv eu om sl af nn sq gsw ga lv zu fo sw kw nb	Apple Chancery
1	15868	sha1:edb5769558b6b8945b9ef5be21ef27d3d5291b4c	http://updates-http.cdn-apple.com/2019/ios/041-71823-20190919-727D8F22-D598-11E9-BBB9-A15472111DF7/com_apple_MobileAsset_Font6/935c8ae4a43ab2285bcacfa6db5e8c930b353dbb.zip	x	Apple Braille
1	26354	sha1:5e97cb71c7f3b7b6842798f2f53b2675c54ac926	http://updates-http.cdn-apple.com/2019/ios/041-71823-20190919-727D8F22-D598-11E9-BBB9-A15472111DF7/com_apple_MobileAsset_Font6/30c4d331087e1bddd9929b6f6723a043759c7e2f.zip	x	Apple Braille
1	27323	sha1:22136777c85494d0bef1f0a08570879ee2f67a70	http://updates-http.cdn-apple.com/2019/ios/041-71823-20190919-727D8F22-D598-11E9-BBB9-A15472111DF7/com_apple_MobileAsset_Font6/b7f70a6f0ae83e388204e3a4f4b1a17213929f93.zip	x	Apple Braille
1	18370	sha1:b13922cf5bb403229eaa878e707a845509a3b4af	http://updates-http.cdn-apple.com/2019/ios/041-71823-20190919-727D8F22-D598-11E9-BBB9-A15472111DF7/com_apple_MobileAsset_Font6/6ce25301335a2c6811c6861d5b96ed0ac1b17396.zip	x	Apple Braille
1	18556	sha1:5cc26de09baaecdab03a1ea5ef98fd362155ec0f	http://updates-http.cdn-apple.com/2019/ios/041-71823-20190919-727D8F22-D598-11E9-BBB9-A15472111DF7/com_apple_MobileAsset_Font6/b6309050f6b7dea943764c616a7827e0ee8bd850.zip	x	Apple Braille
1	7101070	sha1:5acaf8ff8727849b9df76a6f5a9fe31e73890fc5	http://updates-http.cdn-apple.com/2019/ios/041-71823-20190919-727D8F22-D598-11E9-BBB9-A15472111DF7/com_apple_MobileAsset_Font6/2cf5c282b5d88a1f1f2322ffef59e5d5e83c1409.zip	x ko	AppleMyungjo
1	3807545	sha1:a093bda7c3ab281b642b55ad7f02f1d0f506559d	http://updates-http.cdn-apple.com/2019/ios/041-71823-20190919-727D8F22-D598-11E9-BBB9-A15472111DF7/com_apple_MobileAsset_Font6/46ca8d5f167e3df75654d10b6d0ef91ea9f0c02f.zip	x ko	Apple SD Gothic Neo	Apple SD Gothic Neo
1	75079	sha1:55578e29875ba8795637b585347277a1d54604e4	http://updates-http.cdn-apple.com/2019/ios/041-71823-20190919-727D8F22-D598-11E9-BBB9-A15472111DF7/com_apple_MobileAsset_Font6/40feaefe4b32720128c3305ecc919693bd6d869c.zip	x id fi gv nl hu is it ca nn om sv pl da en sw nb af eo gl gsw lt ms cs sk fo mt kw sl lv de ga ro es fr et kl so eu pt zu hr sq cy	Arial Black
1	49086	sha1:f5b459b64f4f91ff9247ad9befb1b2a52878288c	http://updates-http.cdn-apple.com/2019/ios/041-71823-20190919-727D8F22-D598-11E9-BBB9-A15472111DF7/com_apple_MobileAsset_Font6/1378f359c147d02ec741294ecbbf84a99a9aed1d.zip	x he	Arial Hebrew Scholar	Arial Hebrew Scholar	Arial Hebrew Scholar
1	93995	sha1:e348860e380d84b29d9c580762650b93dbe51ef8	http://updates-http.cdn-apple.com/2019/ios/041-71823-20190919-727D8F22-D598-11E9-BBB9-A15472111DF7/com_apple_MobileAsset_Font6/d41f622b32e540439e98e2c8e093193856423209.zip	x id fi gv nl hu is it ca nn om sv pl da en sw nb af eo gl gsw lt ms cs sk fo mt kw sl lv de ga ro es fr et kl so eu pt zu hr sq cy	Arial Narrow
1	94233	sha1:f4daff15e6a844348c6d78eded4252c3a55e07d6	http://updates-http.cdn-apple.com/2019/ios/041-71823-20190919-727D8F22-D598-11E9-BBB9-A15472111DF7/com_apple_MobileAsset_Font6/2857cc3f5913cb6666e656a301d3aef2e7f8e7c1.zip	x id fi gv nl hu is it ca nn om sv pl da en sw nb af eo gl gsw lt ms cs sk fo mt kw sl lv de ga ro es fr et kl so eu pt zu hr sq cy	Arial Narrow
1	95406	sha1:1ec1acdb13af0f80afc56750045efa3802776a4c	http://updates-http.cdn-apple.com/2019/ios/041-71823-20190919-727D8F22-D598-11E9-BBB9-A15472111DF7/com_apple_MobileAsset_Font6/5b45b45539f7edaf6ea7fba19487ed7556be70b6.zip	x id fi gv nl hu is it ca nn om sv pl da en sw nb af eo gl gsw lt ms cs sk fo mt kw sl lv de ga ro es fr et kl so eu pt zu hr sq cy	Arial Narrow
1	97248	sha1:783dabf1d3e1606589ca25542c754e22f01f1ab2	http://updates-http.cdn-apple.com/2019/ios/041-71823-20190919-727D8F22-D598-11E9-BBB9-A15472111DF7/com_apple_MobileAsset_Font6/301978582e2f10098197833a520574cc6e427e10.zip	x id fi gv nl hu is it ca nn om sv pl da en sw nb af eo gl gsw lt ms cs sk fo mt kw sl lv de ga ro es fr et kl so eu pt zu hr sq cy	Arial Narrow
1	15311923	sha1:3cc14018f33b527e107d4a0d24f0cf3cc4a8e16e	http://updates-http.cdn-apple.com/2019/ios/041-71823-20190919-727D8F22-D598-11E9-BBB9-A15472111DF7/com_apple_MobileAsset_Font6/9c1687d1ccccd6c4885afc0c0b4d14d6bb272f38.zip	x id fi tr gv nl hu is it ca nn om sv pl da en sw nb af eo gl gsw haw lt ms cs sk fo mt kw sl lv de ga vi es fr ha et az kl so eu pt zu hr sq cy	Arial Unicode MS
1	111969	sha1:0cf472cca1ea00df3c96cd3d715a67e412641ec9	http://updates-http.cdn-apple.com/2019/ios/041-71823-20190919-727D8F22-D598-11E9-BBB9-A15472111DF7/com_apple_MobileAsset_Font6/f922c215d724ce7df35dabb4c7e232febfbd6a77.zip	x th	Ayuthaya
1	56048	sha1:8e8bca29f368c9847ce7652164325019b1646aaf	http://updates-http.cdn-apple.com/2019/ios/041-71823-20190919-727D8F22-D598-11E9-BBB9-A15472111DF7/com_apple_MobileAsset_Font6/662c76c3454af7c26fa0e67f18de56e0a227efef.zip	x fa ar	Baghdad	.Baghdad PUA
1	232214	sha1:b9c82e50ce34fd737b94e0de142f08d91f598475	http://updates-http.cdn-apple.com/2019/ios/041-71823-20190919-727D8F22-D598-11E9-BBB9-A15472111DF7/com_apple_MobileAsset_Font6/ca3d9ecf824ebf20ea951a166b3a8aaecc59e152.zip	x hi	Baloo
1	164519	sha1:2b56d552ad669d28864d78f7ed68624d34d1f240	http://updates-http.cdn-apple.com/2019/ios/041-71823-20190919-727D8F22-D598-11E9-BBB9-A15472111DF7/com_apple_MobileAsset_Font6/e1c398cc51a19115b37de7d5a100f4baff045823.zip	x gu	Baloo Bhai
1	108898	sha1:31ee092de5c1a478c723d706b6cde0ed4d53bd86	http://updates-http.cdn-apple.com/2019/ios/041-71823-20190919-727D8F22-D598-11E9-BBB9-A15472111DF7/com_apple_MobileAsset_Font6/4a8880f3102feac2e837433ed11c7c0e2154bd48.zip	x fa ur ar	Baloo Bhaijaan
1	165760	sha1:03021083a61b4d2beda7a693afedd71b46712149	http://updates-http.cdn-apple.com/2019/ios/041-71823-20190919-727D8F22-D598-11E9-BBB9-A15472111DF7/com_apple_MobileAsset_Font6/2b7f7563c19c6a53b476a95ec6f488dc59ef6b19.zip	x or	Baloo Bhaina
1	137081	sha1:c4196decbb4b353e4b2dad9157338edf97685195	http://updates-http.cdn-apple.com/2019/ios/041-71823-20190919-727D8F22-D598-11E9-BBB9-A15472111DF7/com_apple_MobileAsset_Font6/4dc47087e296b6b4e86e5d26d0a50bdd8b17233c.zip	x ml	Baloo Chettan
1	182200	sha1:0bd202f5dffce3779239637bddda1fd9633ce7d8	http://updates-http.cdn-apple.com/2019/ios/041-71823-20190919-727D8F22-D598-11E9-BBB9-A15472111DF7/com_apple_MobileAsset_Font6/0fbba826425b521aefe22bf5f809478546c8fefa.zip	x bn	Baloo Da
1	110827	sha1:2e80579dbe58ffbe778ea6dafda24ddffd2e20de	http://updates-http.cdn-apple.com/2019/ios/041-71823-20190919-727D8F22-D598-11E9-BBB9-A15472111DF7/com_apple_MobileAsset_Font6/a9493193571d657774c2321231271ab122748178.zip	x pa	Baloo Paaji
1	283550	sha1:a3792229186aae8bc0885946f78a9e9ede62d49b	http://updates-http.cdn-apple.com/2019/ios/041-71823-20190919-727D8F22-D598-11E9-BBB9-A15472111DF7/com_apple_MobileAsset_Font6/8d2f0d4bc7cb132efb49ebe29878a9a6c6a07a1c.zip	x kn	Baloo Tamma
1	233665	sha1:85e37316ef5b57cea3d98d2e1c79a621fecc556c	http://updates-http.cdn-apple.com/2019/ios/041-71823-20190919-727D8F22-D598-11E9-BBB9-A15472111DF7/com_apple_MobileAsset_Font6/59eea1dbb6e3a478269685d423fe0459db562463.zip	x te	Baloo Tammudu
1	131913	sha1:ee3149e66be63543fcd2469374aa450c79d8d046	http://updates-http.cdn-apple.com/2019/ios/041-71823-20190919-727D8F22-D598-11E9-BBB9-A15472111DF7/com_apple_MobileAsset_Font6/bc1af2ecada8568f934993aa1551add5d41df861.zip	x ta	Baloo Thambi
1	132645	sha1:38e364786d07b7d1cb9f937f74667a0718fb6948	http://updates-http.cdn-apple.com/2019/ios/041-71823-20190919-727D8F22-D598-11E9-BBB9-A15472111DF7/com_apple_MobileAsset_Font6/e8191a30fc99024300d4eab5b6ca7b814ee2631d.zip	x bn	Bangla MN	Bangla MN
1	160872	sha1:0e153b85da0e279f49768a7ebd99f11f2b62bffc	http://updates-http.cdn-apple.com/2019/ios/041-71823-20190919-727D8F22-D598-11E9-BBB9-A15472111DF7/com_apple_MobileAsset_Font6/2b81460c964930386d3d5b915bbc22a9e8821ad5.zip	x bn	Bangla Sangam MN	Bangla Sangam MN
1	63707	sha1:f445969ccfa0b044c23e2bb7201d87a1de5e2332	http://updates-http.cdn-apple.com/2019/ios/041-71823-20190919-727D8F22-D598-11E9-BBB9-A15472111DF7/com_apple_MobileAsset_Font6/976944bff4f86a38f05c996547255d2730b4e636.zip	x de tr es cy ca fi sv nl fr hu cs is en da it lt id ms sk pt hr pl ro	Bank Gothic	Bank Gothic
1	73214	sha1:6ab19bd6acf3a2b79d33683020cc858c0b120d02	http://updates-http.cdn-apple.com/2019/ios/041-71823-20190919-727D8F22-D598-11E9-BBB9-A15472111DF7/com_apple_MobileAsset_Font6/d0f9e1418e4041eaa2ac67c222cf9608a3eadcc8.zip	x ar	Basra	.Basra PUA	Basra	.Basra PUA
1	36970	sha1:15d982bef65ecc3b662f8d85caa1b226ace7ab0e	http://updates-http.cdn-apple.com/2019/ios/041-71823-20190919-727D8F22-D598-11E9-BBB9-A15472111DF7/com_apple_MobileAsset_Font6/34966b2a98ac02c44d959cf85ffce3160aaf96b8.zip	x ar	Beirut	.Beirut PUA
1	96605	sha1:7cebb76b4f897b27f8a67536cae49036946fcf9c	http://updates-http.cdn-apple.com/2019/ios/041-71823-20190919-727D8F22-D598-11E9-BBB9-A15472111DF7/com_apple_MobileAsset_Font6/2a7bed17ba5a3f012cdd486b2335c3a1eae2ddf5.zip	x de tr es cy ca fi sv nl fr hu cs is en da it lt id vi ms sk mt pt hr pl ro	Big Caslon
1	114753	sha1:62fd48ee2b56d1936147a19304f8f0ae46ff94e6	http://updates-http.cdn-apple.com/2019/ios/041-71823-20190919-727D8F22-D598-11E9-BBB9-A15472111DF7/com_apple_MobileAsset_Font6/b41927da6370b0f6f20c471926a0a190a1f7f9a9.zip	x id da nl ca cs sk cy fr it fi pt sv en ms es de	Blackmoor LET
1	60012	sha1:7bd27715e8ad7126506669e76a37c59bd9746978	http://updates-http.cdn-apple.com/2019/ios/041-71823-20190919-727D8F22-D598-11E9-BBB9-A15472111DF7/com_apple_MobileAsset_Font6/f4e689ee66da7e46b0a5f7bd297470afbeb51e8f.zip	x de tr es ca fi sv nl fr hu cs is en da it lt id ms sk pt pl ro	BlairMdITC TT
1	279198	sha1:85e2a3be001f60f56589e4ed2e5c930157ce5485	http://updates-http.cdn-apple.com/2019/ios/041-71823-20190919-727D8F22-D598-11E9-BBB9-A15472111DF7/com_apple_MobileAsset_Font6/137da4ccb47d1c3b7d59f18735857fa27b3b1d89.zip	x ko	BM DoHyeon OTF
1	286461	sha1:63e5962d9cc911c9f15237347faffd5aaab1516e	http://updates-http.cdn-apple.com/2019/ios/041-71823-20190919-727D8F22-D598-11E9-BBB9-A15472111DF7/com_apple_MobileAsset_Font6/e119cdc7ac050cd48ad879333e2b3eb06f8b3e21.zip	x ko	BM HANNA 11yrs old OTF
1	233360	sha1:ae7da9a85ee9d38f185e410c200188a45e189cb4	http://updates-http.cdn-apple.com/2019/ios/041-71823-20190919-727D8F22-D598-11E9-BBB9-A15472111DF7/com_apple_MobileAsset_Font6/e6af6811c8ad8c4d615a9aceab5a4c3da73f032e.zip	x ko	BM HANNA Air OTF
1	366876	sha1:038c8c3590e90376a2117264315a5aec53fc66aa	http://updates-http.cdn-apple.com/2019/ios/041-71823-20190919-727D8F22-D598-11E9-BBB9-A15472111DF7/com_apple_MobileAsset_Font6/ab45156d9f7405e556be84291ddee209f571023f.zip	x ko	BM HANNA Pro OTF
1	465455	sha1:3055d0055cf1abb11f5cded144ff945e45ea9624	http://updates-http.cdn-apple.com/2019/ios/041-71823-20190919-727D8F22-D598-11E9-BBB9-A15472111DF7/com_apple_MobileAsset_Font6/af4c5e812a1178b0991a37c4ec00e23fa55c620e.zip	x ko	BM JUA OTF
1	1193072	sha1:4e9a06211f28a079a4c54e04534530c051ca99aa	http://updates-http.cdn-apple.com/2019/ios/041-71823-20190919-727D8F22-D598-11E9-BBB9-A15472111DF7/com_apple_MobileAsset_Font6/393a9697c76091db586c71b029087cc5d192217d.zip	x ko	BM KIRANGHAERANG OTF
1	596729	sha1:ed9a9a7b00976232205f5b434f2d10ac548c47e9	http://updates-http.cdn-apple.com/2019/ios/041-71823-20190919-727D8F22-D598-11E9-BBB9-A15472111DF7/com_apple_MobileAsset_Font6/6faefccc60da76b15af40426ffc5e9feeb5791c6.zip	x ko	BM YEONSUNG OTF
1	40993	sha1:0d5dd25ad2132138872851a4bc5efad0ba834b26	http://updates-http.cdn-apple.com/2019/ios/041-71823-20190919-727D8F22-D598-11E9-BBB9-A15472111DF7/com_apple_MobileAsset_Font6/9a01c52f0955b94d7f290c8880f87d1d4d0b0d4a.zip	x	Bodoni Ornaments ITC TT
1	231394	sha1:7966a5da00bc319c5f309f8fac7559b000af9e3c	http://updates-http.cdn-apple.com/2019/ios/041-71823-20190919-727D8F22-D598-11E9-BBB9-A15472111DF7/com_apple_MobileAsset_Font6/c734d5ce064624ff41ab337599cc4d11f79fae8c.zip	x de tr es ca fi sv nl fr hu cs is en da it lt id ms sk mt pt hr pl ro	Bodoni SvtyTwo ITC TT	Bodoni SvtyTwo ITC TT	Bodoni SvtyTwo ITC TT
1	138331	sha1:e336c73753998dd35147e1f65a366114c3bdabdb	http://updates-http.cdn-apple.com/2019/ios/041-71823-20190919-727D8F22-D598-11E9-BBB9-A15472111DF7/com_apple_MobileAsset_Font6/9fd1742fba3f8b89cb0e7685f17e2d2d5df74da6.zip	x ca fr id pt de ms it fi en sv da	Bodoni SvtyTwo OS ITC TT	Bodoni SvtyTwo OS ITC TT	Bodoni SvtyTwo OS ITC TT
1	51161	sha1:a478363e7d758bc682cdb2a9b94fcc753be812bf	http://updates-http.cdn-apple.com/2019/ios/041-71823-20190919-727D8F22-D598-11E9-BBB9-A15472111DF7/com_apple_MobileAsset_Font6/55c4b5cda57895763f0684fc16fa619595806b02.zip	x ca fr id pt de ms it fi en sv da	Bodoni SvtyTwo SC ITC TT
1	372358	sha1:4f8259b7bf0dd975657e2bf595c52fae4846197c	http://updates-http.cdn-apple.com/2019/ios/041-71823-20190919-727D8F22-D598-11E9-BBB9-A15472111DF7/com_apple_MobileAsset_Font6/0bc6be4999c3374f7734098c155e3538272172d7.zip	x es cy ca fi sv fr hu cs is en da it lt id ms sk mt pt hr pl de	Book Antiqua	Book Antiqua	Book Antiqua	Book Antiqua
1	380258	sha1:46d542b9a7f3294d37a970463ed166a107f8bb26	http://updates-http.cdn-apple.com/2019/ios/041-71823-20190919-727D8F22-D598-11E9-BBB9-A15472111DF7/com_apple_MobileAsset_Font6/65fac248d8526bafcc68c32bf456c2d1bb4505d1.zip	x es cy ca fi sv fr hu cs is en da it lt id ms sk mt pt hr pl de	Bookman Old Style	Bookman Old Style	Bookman Old Style	Bookman Old Style
1	49221	sha1:c921ed4c7408ffcbb53cdc4e27f6fea561e33ae0	http://updates-http.cdn-apple.com/2019/ios/041-71823-20190919-727D8F22-D598-11E9-BBB9-A15472111DF7/com_apple_MobileAsset_Font6/a2fb3294665112db2cd1041a95761ee12534ef6b.zip	x id da nl ca cs sk fr it fi pt sv en ms es hu de	Bordeaux Roman Bold LET
1	106419	sha1:466a73d843582929bb82556b627bfa2067ceb4bb	http://updates-http.cdn-apple.com/2019/ios/041-71823-20190919-727D8F22-D598-11E9-BBB9-A15472111DF7/com_apple_MobileAsset_Font6/a761a26d174accbbbcddffd2138bd9abc65e91db.zip	x de tr es cy ca fi sv nl fr hu cs is en da it lt id vi ms sk mt pt hr pl ro	Braganza
1	125824	sha1:503a2762566034967fcb54edfc00ef218c64a69f	http://updates-http.cdn-apple.com/2019/ios/041-71823-20190919-727D8F22-D598-11E9-BBB9-A15472111DF7/com_apple_MobileAsset_Font6/8dc8b3ab2cdce431bc4b393d9c0d5febcae792e6.zip	x es nb gv af gsw sv nl eu fr so sw is en zu da nn ga id it sq kw om ms gl fo pt de	Brush Script MT
1	235287	sha1:f930badb299b830b28bd4f94548cd4e88df5147f	http://updates-http.cdn-apple.com/2019/ios/041-71823-20190919-727D8F22-D598-11E9-BBB9-A15472111DF7/com_apple_MobileAsset_Font6/5295ff79cb78f977aec45aa371a1d7a8f804a3e8.zip	x hi	Cambay Devanagari	Cambay Devanagari	Cambay Devanagari	Cambay Devanagari
1	46913	sha1:64bea92af7cd06cf849a174fd0c318d8e8b06586	http://updates-http.cdn-apple.com/2019/ios/041-71823-20190919-727D8F22-D598-11E9-BBB9-A15472111DF7/com_apple_MobileAsset_Font6/07c765293a165c3b67043658e56966f91dd75b96.zip	x de es ca fi sv fr hu cs is en da it lt id ms sk mt pt hr pl ro	Capitals
1	301978	sha1:f21aa6c867b4d1239cbbdb143c2620cae0e7bce4	http://updates-http.cdn-apple.com/2019/ios/041-71823-20190919-727D8F22-D598-11E9-BBB9-A15472111DF7/com_apple_MobileAsset_Font6/572ccd3b67e2ee2a80be8241a04e29c4284fd387.zip	x es cy ca fi sv fr hu cs is en da it lt id ms sk mt pt hr pl de	Century Gothic	Century Gothic	Century Gothic	Century Gothic
1	200759	sha1:6851d80cdee5278fe67640f5dac8256ba9952f70	http://updates-http.cdn-apple.com/2019/ios/041-71823-20190919-727D8F22-D598-11E9-BBB9-A15472111DF7/com_apple_MobileAsset_Font6/9e7c4ad79a2623a791064749848a782fe3a32265.zip	x id da ca is fr it fi pt sv en ms es de	Century Schoolbook	Century Schoolbook	Century Schoolbook	Century Schoolbook
1	104880	sha1:812ffebd66676e7ee079bae9ed2bbcee1af73dd9	http://updates-http.cdn-apple.com/2019/ios/041-71823-20190919-727D8F22-D598-11E9-BBB9-A15472111DF7/com_apple_MobileAsset_Font6/f9b6585cc421a928c502a3b34da08e29b7c311ff.zip	x id da nl ca cy fr it pt sv en ms es de	Chalkboard	Chalkboard
1	38511	sha1:511ff8dd39229d546c5dc56ab2d42e29c19f9390	http://updates-http.cdn-apple.com/2019/ios/041-71823-20190919-727D8F22-D598-11E9-BBB9-A15472111DF7/com_apple_MobileAsset_Font6/17037b676cffb54ba91ec67e0c019d5c8d838299.zip	x be bg mk ru sr	Charcoal CY
1	94594	sha1:2c269c856d6cc95f7f59d62e6a9b6c74b696dbe2	http://updates-http.cdn-apple.com/2019/ios/041-71823-20190919-727D8F22-D598-11E9-BBB9-A15472111DF7/com_apple_MobileAsset_Font6/63518d5d2c74db21f95e40f4f8718055a13f774c.zip	x id fi gv nl hu is it ca nn om sv pl da en sw nb af eo gl gsw lt ms cs sk fo mt kw sl lv de ga ro es fr et kl so eu pt zu hr sq cy	Comic Sans MS
1	81487	sha1:fd9517216c8fada8adaafb0f7aa626b7f8db3fbc	http://updates-http.cdn-apple.com/2019/ios/041-71823-20190919-727D8F22-D598-11E9-BBB9-A15472111DF7/com_apple_MobileAsset_Font6/52cad9762f55fb6e8310e9b6e0c845529f62177f.zip	x id fi gv nl hu is it ca nn om sv pl da en sw nb af eo gl gsw lt ms cs sk fo mt kw sl lv de ga ro es fr et kl so eu pt zu hr sq cy	Comic Sans MS
1	45342	sha1:f5a7e160d15703df1a1a1e00d6777f546539cd79	http://updates-http.cdn-apple.com/2019/ios/041-71823-20190919-727D8F22-D598-11E9-BBB9-A15472111DF7/com_apple_MobileAsset_Font6/b6d6f388ec079d96ffb6d985086f58012508b04b.zip	x he	Corsiva Hebrew	Corsiva Hebrew
1	560708	sha1:823e800a54322443efa1a1218f9456335c5bcbac	http://updates-http.cdn-apple.com/2019/ios/041-71823-20190919-727D8F22-D598-11E9-BBB9-A15472111DF7/com_apple_MobileAsset_Font6/3fd1f33cf1fb68e968f39bcef92177060844b8ef.zip	x de es cy ca fi sv fr hu cs is en da it lt id vi ms sk mt pt hr pl ro	Dear Joe Four	Dear Joe Four
1	46588	sha1:d5a21f0e4881b4941b17d0377ed1566801755a1c	http://updates-http.cdn-apple.com/2019/ios/041-71823-20190919-727D8F22-D598-11E9-BBB9-A15472111DF7/com_apple_MobileAsset_Font6/272ad8ff096839d90548ac6643c5bc6ae3000301.zip	x fa ar	DecoType Naskh	.DecoType Naskh PUA
1	210535	sha1:39fd09e1f6f9c0ab12da8f9aeed3f239aa6abf37	http://updates-http.cdn-apple.com/2019/ios/041-71823-20190919-727D8F22-D598-11E9-BBB9-A15472111DF7/com_apple_MobileAsset_Font6/bae0e70350562566869c569b4741aca93e412081.zip	x hi mr kok ne	Devanagari MT	Devanagari MT
1	7616241	sha1:9e0ac07198a914db18f8ba6242990a7ec2fe0b99	http://updates-http.cdn-apple.com/2019/ios/041-71823-20190919-727D8F22-D598-11E9-BBB9-A15472111DF7/com_apple_MobileAsset_Font6/77368dfa9dba1fbbd6019b7ee1a7fc25d1169649.zip	x zh-Hant	BiauKai
1	11596300	sha1:423bc086a394cca0f82e976c1fba878c427ac69d	http://updates-http.cdn-apple.com/2019/ios/041-71823-20190919-727D8F22-D598-11E9-BBB9-A15472111DF7/com_apple_MobileAsset_Font6/4c5fb4ab37ef16487d14e6bfa70a8b98f7e1efa8.zip	x zh-Hans zh	Wawati SC
1	11634769	sha1:e580d40a4c82b2a169d8ee878cdf282a3df63a02	http://updates-http.cdn-apple.com/2019/ios/041-71823-20190919-727D8F22-D598-11E9-BBB9-A15472111DF7/com_apple_MobileAsset_Font6/693bb8838084c6f5f476acaa6741ad8eae9db8da.zip	x zh-Hant	Wawati TC
1	28888	sha1:fa933f2c17a50550c7ce24461425ece8b524e3cc	http://updates-http.cdn-apple.com/2019/ios/041-71823-20190919-727D8F22-D598-11E9-BBB9-A15472111DF7/com_apple_MobileAsset_Font6/88a703c0f33bc8ea1124966326bf5b33fe6ddd0c.zip	x ar	Dijla	.Dijla PUA
1	36384	sha1:9cb68d3ad630f00c83e3161b1fdf0420436dbd62	http://updates-http.cdn-apple.com/2019/ios/041-71823-20190919-727D8F22-D598-11E9-BBB9-A15472111DF7/com_apple_MobileAsset_Font6/1c16c8d509efc515c9dc6401e42c8c38d47befeb.zip	x ar	Diwan Kufi	.Diwan Kufi PUA
1	193784	sha1:f829af5c54abb657ff460a3e35dcc82386bb13ac	http://updates-http.cdn-apple.com/2019/ios/041-71823-20190919-727D8F22-D598-11E9-BBB9-A15472111DF7/com_apple_MobileAsset_Font6/31bbabd3bdbdc2442837a79e2d50384fc0d23cd7.zip	x ar	Mishafi Gold
1	220005	sha1:47fe376539eefa7eef28e77177b4f1423db22972	http://updates-http.cdn-apple.com/2019/ios/041-71823-20190919-727D8F22-D598-11E9-BBB9-A15472111DF7/com_apple_MobileAsset_Font6/38cf37c9f3884d828336e99d7b7d00b3cf2bff41.zip	x ar	Diwan Thuluth
1	102495	sha1:4691cf468fa752aba40b70b8a26cca10d9e79be3	http://updates-http.cdn-apple.com/2019/ios/041-71823-20190919-727D8F22-D598-11E9-BBB9-A15472111DF7/com_apple_MobileAsset_Font6/477a25507c47f8bdb129f4466553db1db9507b9f.zip	x ar	Farisi
1	514578	sha1:43d82d9506e61b48b885e6bac1dde24f60c152d8	http://updates-http.cdn-apple.com/2019/ios/041-71823-20190919-727D8F22-D598-11E9-BBB9-A15472111DF7/com_apple_MobileAsset_Font6/ef91ad51d2b631cfbf055a43fce5e8691c3fa3a6.zip	x de tr es cy ca fi sv nl fr hu cs is en da it lt id vi ms sk mt pt hr pl ro	Forgotten Futurist	Forgotten Futurist	Forgotten Futurist	Forgotten Futurist	Forgotten Futurist
1	25247345	sha1:548d190dcf6631256e8d14f7192a64d148793ec9	http://updates-http.cdn-apple.com/2019/ios/041-71823-20190919-727D8F22-D598-11E9-BBB9-A15472111DF7/com_apple_MobileAsset_Font6/a3b1936b33a95120db4abbc9c59da5bdbea384ee.zip	x zh-Hans zh zh-Hant	Lantinghei SC	Lantinghei SC	Lantinghei SC	Lantinghei TC	Lantinghei TC	Lantinghei TC
1	470230	sha1:d7b1868dc418822a89bcfa5336faabb3f5531cc2	http://updates-http.cdn-apple.com/2019/ios/041-71823-20190919-727D8F22-D598-11E9-BBB9-A15472111DF7/com_apple_MobileAsset_Font6/a94089b349d70d719368fe8f681617a42c5a0341.zip	x es cy ca fi sv fr hu cs is en da it lt id ms sk mt pt hr pl de	Garamond	Garamond	Garamond	Garamond
1	234018	sha1:23296c8704291fcfb24d9c6dcceb9632cabc4e5d	http://updates-http.cdn-apple.com/2019/ios/041-71823-20190919-727D8F22-D598-11E9-BBB9-A15472111DF7/com_apple_MobileAsset_Font6/2b70e0a7403af9eb809647556b0c8d5c2c4ecea6.zip	x de tr es cy ca fi sv nl fr hu cs is en da it lt id vi ms sk mt pt hr pl ro	Geneva
1	44606	sha1:75745718b90a6a7cf6876e8cba1457848b14c552	http://updates-http.cdn-apple.com/2019/ios/041-71823-20190919-727D8F22-D598-11E9-BBB9-A15472111DF7/com_apple_MobileAsset_Font6/c1ddef6bf94cbf4ba8b2c391e34c6a924efc1fbd.zip	x be bg mk ru sr	Geneva CY
1	109415	sha1:5a392e21c3ac19c20b8319bb47d4846f4734b616	http://updates-http.cdn-apple.com/2019/ios/041-71823-20190919-727D8F22-D598-11E9-BBB9-A15472111DF7/com_apple_MobileAsset_Font6/684219ded35e33eb2044a4e29ecb9c6d74acc0b6.zip	x hi brx mr kok ne	Gotu
1	202197	sha1:57c0b09159435f1c9a61faf72437944f85ba3478	http://updates-http.cdn-apple.com/2019/ios/041-71823-20190919-727D8F22-D598-11E9-BBB9-A15472111DF7/com_apple_MobileAsset_Font6/3a8b469cb11ff779169b1bd8690baecb7285c1e8.zip	x gu	Gujarati MT	Gujarati MT
1	163078	sha1:92dc169cecf8d9488d41d8ed454065138b44508e	http://updates-http.cdn-apple.com/2019/ios/041-71823-20190919-727D8F22-D598-11E9-BBB9-A15472111DF7/com_apple_MobileAsset_Font6/a5774f8937cdd5621486cd46d87e81699a665b21.zip	x gu	Gujarati Sangam MN	Gujarati Sangam MN
1	101933	sha1:21ad3ccd99de20673f88a2eadb586f9756151e02	http://updates-http.cdn-apple.com/2019/ios/041-71823-20190919-727D8F22-D598-11E9-BBB9-A15472111DF7/com_apple_MobileAsset_Font6/b850fb39dde8a4278d789264fa02ffa23ed2175e.zip	x pa	Gurmukhi MN	Gurmukhi MN
1	55779	sha1:e7fed99b37a67f4845cef358ed6032c6c6d32ef6	http://updates-http.cdn-apple.com/2019/ios/041-71823-20190919-727D8F22-D598-11E9-BBB9-A15472111DF7/com_apple_MobileAsset_Font6/a068e0635918401437128648ec89c4b8315c2893.zip	x pa	Gurmukhi Sangam MN	Gurmukhi Sangam MN
1	50035275	sha1:1ef80cd792138a55e286b6bde5fade094061bc2c	http://updates-http.cdn-apple.com/2019/ios/041-71823-20190919-727D8F22-D598-11E9-BBB9-A15472111DF7/com_apple_MobileAsset_Font6/d980a16edc19d62d8e2af1c1c99d786f6e01bbf9.zip	x zh-Hans zh zh-Hant	Hannotate SC	Hannotate TC	Hannotate SC	Hannotate TC
1	48702183	sha1:f660ee46403972de4e4948e17a7855011a209019	http://updates-http.cdn-apple.com/2019/ios/041-71823-20190919-727D8F22-D598-11E9-BBB9-A15472111DF7/com_apple_MobileAsset_Font6/cb9a85576455613deae27ccbede3cece696b39c0.zip	x zh-Hans zh zh-Hant	HanziPen SC	HanziPen TC	HanziPen SC	HanziPen TC
1	129586	sha1:aef671396b9f113ed7da41de208536aa6bb35ee2	http://updates-http.cdn-apple.com/2019/ios/041-71823-20190919-727D8F22-D598-11E9-BBB9-A15472111DF7/com_apple_MobileAsset_Font6/1836cc6953f8e18ae8c07377b9c113124b1d01c8.zip	x be bg mk ru sr	Helvetica CY	Helvetica CY	Helvetica CY	Helvetica CY
1	51080	sha1:a43b9b166f940df11983cd9abc9803bf899e80c7	http://updates-http.cdn-apple.com/2019/ios/041-71823-20190919-727D8F22-D598-11E9-BBB9-A15472111DF7/com_apple_MobileAsset_Font6/9f26b4a327b8b11574333b922cca6ce0b9781288.zip	x id da nl ca hr lt is fr it fi pt tr sv en ms es hu de pl	Herculanum
1	2219104	sha1:1c66ca53a284890c136c42a4185e475858e0147a	http://updates-http.cdn-apple.com/2019/ios/041-71823-20190919-727D8F22-D598-11E9-BBB9-A15472111DF7/com_apple_MobileAsset_Font6/e8f965e5559b752a6b0b60138fbc39e41905df88.zip	x ja	Hiragino Sans	.Hiragino Kaku Gothic Interface
1	5178682	sha1:5d736448b431bd0b716e6e79cc10ec1f7367f0e0	http://updates-http.cdn-apple.com/2019/ios/041-71823-20190919-727D8F22-D598-11E9-BBB9-A15472111DF7/com_apple_MobileAsset_Font6/ad9c3f6053a474a0d6e0cd8b8647d719738eb61f.zip	x ja	Hiragino Sans	.Hiragino Kaku Gothic Interface
1	5604505	sha1:23ebfd1aa9231b5aeb409dbbfc2f0b3bb13c4897	http://updates-http.cdn-apple.com/2019/ios/041-71823-20190919-727D8F22-D598-11E9-BBB9-A15472111DF7/com_apple_MobileAsset_Font6/7674fbfe885455c8e511a835156464865cccd18f.zip	x ja	Hiragino Sans	.Hiragino Kaku Gothic Interface
1	5722251	sha1:3ba925ee733f223fd75fd302768c30f466ecbef7	http://updates-http.cdn-apple.com/2019/ios/041-71823-20190919-727D8F22-D598-11E9-BBB9-A15472111DF7/com_apple_MobileAsset_Font6/3bbdac324855b51acb67de8af7434aa751b12096.zip	x ja	Hiragino Sans	.Hiragino Kaku Gothic Interface
1	5773671	sha1:084fdc4b8e24bc68a35565071259f967f32cf84b	http://updates-http.cdn-apple.com/2019/ios/041-71823-20190919-727D8F22-D598-11E9-BBB9-A15472111DF7/com_apple_MobileAsset_Font6/45ecb0443e2c5ade3842702cd9d0076505cd8bd1.zip	x ja	Hiragino Sans	.Hiragino Kaku Gothic Interface
1	2982264	sha1:64e70a6223d2b026776ef1b44b3c2f88fe4c2b53	http://updates-http.cdn-apple.com/2019/ios/041-71823-20190919-727D8F22-D598-11E9-BBB9-A15472111DF7/com_apple_MobileAsset_Font6/d3308f08a5e0973f821bab6eb65bc4046a3ba38a.zip	x ja	Hiragino Sans	.Hiragino Kaku Gothic Interface
1	2703204	sha1:75078361912f834bbf76b5a1fbc7510b3295b51d	http://updates-http.cdn-apple.com/2019/ios/041-71823-20190919-727D8F22-D598-11E9-BBB9-A15472111DF7/com_apple_MobileAsset_Font6/deff43fbf35021048210709aabfa49f49e64d03d.zip	x ja	Hiragino Sans	.Hiragino Kaku Gothic Interface
1	14201672	sha1:1ff04189512703b24262e82f0d1dffda247fc902	http://updates-http.cdn-apple.com/2019/ios/041-71823-20190919-727D8F22-D598-11E9-BBB9-A15472111DF7/com_apple_MobileAsset_Font6/7912a7db209e28f561e770eb85a0ea9cb39f89ef.zip	x zh-Hant	Hiragino Sans CNS	Hiragino Sans CNS
1	21063679	sha1:0af1b667475125dc9fdd9440255be9603fa9aac1	http://updates-http.cdn-apple.com/2019/ios/041-71823-20190919-727D8F22-D598-11E9-BBB9-A15472111DF7/com_apple_MobileAsset_Font6/f6de36a0dfa03b41f72edcaa676806cb9504c4db.zip	x zh-Hans zh	Hiragino Sans GB	.Hiragino Sans GB Interface	Hiragino Sans GB	.Hiragino Sans GB Interface
1	26450	sha1:e669115dd3ac41297aed9c5e73b20b387eb2c5c3	http://updates-http.cdn-apple.com/2019/ios/041-71823-20190919-727D8F22-D598-11E9-BBB9-A15472111DF7/com_apple_MobileAsset_Font6/622a4e3a5a82a2734f51b382707175028c818c4c.zip	x	Hoefler Text Ornaments
1	107730	sha1:388ef0e456012df1b7da0ba95fb1a7f648072ce1	http://updates-http.cdn-apple.com/2019/ios/041-71823-20190919-727D8F22-D598-11E9-BBB9-A15472111DF7/com_apple_MobileAsset_Font6/5668105090d8c90b0d2c6b0473a512e2ff1559eb.zip	x de tr es cy ca fi sv nl fr hu cs is en da it lt id vi ms sk mt pt hr pl ro	Hopper Script
1	83478	sha1:b2a89f897eafcfc68d37cc33cf8127ad58446f7f	http://updates-http.cdn-apple.com/2019/ios/041-71823-20190919-727D8F22-D598-11E9-BBB9-A15472111DF7/com_apple_MobileAsset_Font6/3c94f1412d7b13bcfcd207c06bb6abaff9e576cf.zip	x id fi gv nl hu is it ca nn om sv pl da en sw nb af eo gl gsw lt ms cs sk fo mt kw sl lv de ga ro es fr et kl so eu pt zu hr sq cy	Impact
1	188577	sha1:e28e59929f82cfc6434b2fbb8108f3dd988e4a8d	http://updates-http.cdn-apple.com/2019/ios/041-71823-20190919-727D8F22-D598-11E9-BBB9-A15472111DF7/com_apple_MobileAsset_Font6/56672d1512cd31bfcb394ca843621c5df733db22.zip	x ta	InaiMathi	InaiMathi
1	158617	sha1:5c807662139d2b79409f3cab4d9f0b26b6bdf5ad	http://updates-http.cdn-apple.com/2019/ios/041-71823-20190919-727D8F22-D598-11E9-BBB9-A15472111DF7/com_apple_MobileAsset_Font6/37a93987980a65ffd5b40d1f55e9d71e6379417c.zip	x da cs lt ca id sk is hr cy fr it fi pt sv en ms es hu pl de	Iowan Old Style Black	Iowan Old Style Black	Iowan Old Style
1	529514	sha1:6b576b041a752754000eb2dd66f9afb8f14799fb	http://updates-http.cdn-apple.com/2019/ios/041-71823-20190919-727D8F22-D598-11E9-BBB9-A15472111DF7/com_apple_MobileAsset_Font6/0ffa35d8e396b4df6c9a41bc723aa46930c9ab38.zip	x hi mr	ITF Devanagari	ITF Devanagari	ITF Devanagari	ITF Devanagari	ITF Devanagari	ITF Devanagari Marathi	ITF Devanagari Marathi	ITF Devanagari Marathi	ITF Devanagari Marathi	ITF Devanagari Marathi
1	149887	sha1:29b492e76627eccb545dbe3f927b1e81361bbad8	http://updates-http.cdn-apple.com/2019/ios/041-71823-20190919-727D8F22-D598-11E9-BBB9-A15472111DF7/com_apple_MobileAsset_Font6/ef5c003e899356f9f5ff6d80d7c0ba0a56fcfde4.zip	x hi	Jaini
1	155990	sha1:5f4042b860ad09b5e2f9d1eb8cfe265d7c257958	http://updates-http.cdn-apple.com/2019/ios/041-71823-20190919-727D8F22-D598-11E9-BBB9-A15472111DF7/com_apple_MobileAsset_Font6/0bf481576853d9a4c7f674a4e91987cb3bf5589e.zip	x hi	Jaini Purva
1	77228	sha1:2af30e2c280ad81bb714428fef0dedd7ecf8defe	http://updates-http.cdn-apple.com/2019/ios/041-71823-20190919-727D8F22-D598-11E9-BBB9-A15472111DF7/com_apple_MobileAsset_Font6/9d9261f5e785cd3e3b74feeb755d03eaa68222bc.zip	x da cs nl ca lt ro id sk cy fr fi it pt sv tr en ms es hu de	Jazz LET
1	1160084	sha1:4e172588a1f9acb19028acb3e54c0f1857beb7b7	http://updates-http.cdn-apple.com/2019/ios/041-71823-20190919-727D8F22-D598-11E9-BBB9-A15472111DF7/com_apple_MobileAsset_Font6/28e55afbf7022f012e4a3ef68fa96d9a71bd1cd7.zip	x ko	PilGi
1	436420	sha1:697c2ca95b235caaead1efc0faf3cc666fa5d682	http://updates-http.cdn-apple.com/2019/ios/041-71823-20190919-727D8F22-D598-11E9-BBB9-A15472111DF7/com_apple_MobileAsset_Font6/8a0c0a968b8f2ea59ef70bf4ae52f818630ed614.zip	x ko	HeadLineA
1	5169243	sha1:bad888fae37b2a81a233299a737e17a6e80f9475	http://updates-http.cdn-apple.com/2019/ios/041-71823-20190919-727D8F22-D598-11E9-BBB9-A15472111DF7/com_apple_MobileAsset_Font6/ac3e154cec7affea536ee3a5a859b0dd78eb0c17.zip	x ko	GungSeo
1	4483731	sha1:32597b68094c503a3c0f6a441aa1795e13c86b37	http://updates-http.cdn-apple.com/2019/ios/041-71823-20190919-727D8F22-D598-11E9-BBB9-A15472111DF7/com_apple_MobileAsset_Font6/96887f5398e3fc37ec326507b9ca72c87be57ff7.zip	x ko	PCMyungjo
1	111997	sha1:a6c295025d04f713b878b43b541cd734ab9021f0	http://updates-http.cdn-apple.com/2019/ios/041-71823-20190919-727D8F22-D598-11E9-BBB9-A15472111DF7/com_apple_MobileAsset_Font6/8a50812d600e0da07cab1323544e4a82097e421e.zip	x kn	Kannada MN	Kannada MN
1	117099	sha1:fdf67bbc1a99b5511febaf58ed91a2ff278d53c4	http://updates-http.cdn-apple.com/2019/ios/041-71823-20190919-727D8F22-D598-11E9-BBB9-A15472111DF7/com_apple_MobileAsset_Font6/5e441da9c3c718be916d675cbfef098fe8034765.zip	x kn	Kannada Sangam MN	Kannada Sangam MN
1	77491	sha1:691906471fac06a52038294045e97bc6f9ee28c1	http://updates-http.cdn-apple.com/2019/ios/041-71823-20190919-727D8F22-D598-11E9-BBB9-A15472111DF7/com_apple_MobileAsset_Font6/a008b91aa86f9af51d8fc7dd6e933ac1541eaf9d.zip	x am	Kefa
1	150990	sha1:6ce73b4436bcefff9fd3ec38c4a8e6dd781faf93	http://updates-http.cdn-apple.com/2019/ios/041-71823-20190919-727D8F22-D598-11E9-BBB9-A15472111DF7/com_apple_MobileAsset_Font6/f66736c4ca926b2ce08ac1e4168176174d0d43fc.zip	x km	Khmer MN	Khmer MN
1	10177972	sha1:b8db376211a617ebddec0000487c43b22576a4dc	http://updates-http.cdn-apple.com/2019/ios/041-71823-20190919-727D8F22-D598-11E9-BBB9-A15472111DF7/com_apple_MobileAsset_Font6/a5578564cd8cb162d7ba1544317ef3ae407bf939.zip	x ja	Klee	Klee
1	209394	sha1:d04e4a3dfa2d9a62aaf6da61daf47964e8c7e50c	http://updates-http.cdn-apple.com/2019/ios/041-71823-20190919-727D8F22-D598-11E9-BBB9-A15472111DF7/com_apple_MobileAsset_Font6/98ed8910b3d1ba8e6a4c926ac8239d013fa55829.zip	x bn	Kohinoor Bangla	Kohinoor Bangla
1	268327	sha1:884db2c50a846bbbe743925d7477cfb3c94fdb86	http://updates-http.cdn-apple.com/2019/ios/041-71823-20190919-727D8F22-D598-11E9-BBB9-A15472111DF7/com_apple_MobileAsset_Font6/7f4c9f1fc7cee3585a6fa8ed2011569f3a45f9d8.zip	x hi	Kohinoor Devanagari	Kohinoor Devanagari
1	194474	sha1:fd459302cda1afe7e03715f129393a1d6340517c	http://updates-http.cdn-apple.com/2019/ios/041-71823-20190919-727D8F22-D598-11E9-BBB9-A15472111DF7/com_apple_MobileAsset_Font6/6b5456d83a384995b08fdff2f79e0c5e4d3b955b.zip	x te	Kohinoor Telugu	Kohinoor Telugu
1	273358	sha1:123cb98936151fa4d17cb0c8a5e70095b52d540e	http://updates-http.cdn-apple.com/2019/ios/041-71823-20190919-727D8F22-D598-11E9-BBB9-A15472111DF7/com_apple_MobileAsset_Font6/c0b687019378d7672cb2ab9e23446eca299a29e2.zip	x bo	Kokonor
1	26306	sha1:edaa4b9438e03a215154852174c0467f557bc934	http://updates-http.cdn-apple.com/2019/ios/041-71823-20190919-727D8F22-D598-11E9-BBB9-A15472111DF7/com_apple_MobileAsset_Font6/9e303abb7063873376078aa979ac9ac5ad9aee9c.zip	x ar	Koufi Abjadi	.Koufi Abjadi PUA
1	74055	sha1:e84cef765de26cd643d57c504ae6b76dce03156d	http://updates-http.cdn-apple.com/2019/ios/041-71823-20190919-727D8F22-D598-11E9-BBB9-A15472111DF7/com_apple_MobileAsset_Font6/68d43272eea20fc54987170df293ee6cb400bb45.zip	x th	Krungthep
1	27939	sha1:e0c6979af03ce7b94649e0d78fcd16578ba6cbdf	http://updates-http.cdn-apple.com/2019/ios/041-71823-20190919-727D8F22-D598-11E9-BBB9-A15472111DF7/com_apple_MobileAsset_Font6/faa2cd72af8c0e52275d70b95e43998fa3d5d331.zip	x fa ar	KufiStandardGK	.KufiStandardGK PUA
1	66137	sha1:8ba53585094c554fcec8fc8ae577b50590a6574c	http://updates-http.cdn-apple.com/2019/ios/041-71823-20190919-727D8F22-D598-11E9-BBB9-A15472111DF7/com_apple_MobileAsset_Font6/6e1d85db88d5f7e0f8275826213e3ac8db53595f.zip	x pa	Lahore Gurmukhi	Lahore Gurmukhi	Lahore Gurmukhi	Lahore Gurmukhi	Lahore Gurmukhi
1	30276	sha1:b7993502f4c2d7fc667e66031e811a9e71eee18c	http://updates-http.cdn-apple.com/2019/ios/041-71823-20190919-727D8F22-D598-11E9-BBB9-A15472111DF7/com_apple_MobileAsset_Font6/fbe6d0c7bcfb034c5bc73f52410150e600bd6651.zip	x ar	Laimoon	.Laimoon PUA
1	49197	sha1:8f1b7067e5b9377fc0b238113fc99e5c4dc5e1fa	http://updates-http.cdn-apple.com/2019/ios/041-71823-20190919-727D8F22-D598-11E9-BBB9-A15472111DF7/com_apple_MobileAsset_Font6/a7f4e7dc4c652f1364de603494fefdf6689479db.zip	x lo	Lao MN	Lao MN
1	3680423	sha1:d8f1f3363330335b6120559b8af9edf3a3079bd3	http://updates-http.cdn-apple.com/2019/ios/041-71823-20190919-727D8F22-D598-11E9-BBB9-A15472111DF7/com_apple_MobileAsset_Font6/8ad04015359b75f65d68b465cbab918051c72e6d.zip	x zh-Hant	Apple LiGothic
1	4226493	sha1:d2434def76aa55f2bed032074ca7c2b64c48b452	http://updates-http.cdn-apple.com/2019/ios/041-71823-20190919-727D8F22-D598-11E9-BBB9-A15472111DF7/com_apple_MobileAsset_Font6/6eda9db6065eccfa83b34ae4c3111810efffc1b5.zip	x zh-Hant	LiHei Pro
1	7090904	sha1:592b48c6b0e0d5506bc8d36c096decef804e9550	http://updates-http.cdn-apple.com/2019/ios/041-71823-20190919-727D8F22-D598-11E9-BBB9-A15472111DF7/com_apple_MobileAsset_Font6/0e78e10f6c9d306bd197282bbc77c29c3ec1991f.zip	x zh-Hant	LiSong Pro
1	5550828	sha1:7a5aff22edbf0f399f17b20c2e8ffa8cfe34b897	http://updates-http.cdn-apple.com/2019/ios/041-71823-20190919-727D8F22-D598-11E9-BBB9-A15472111DF7/com_apple_MobileAsset_Font6/7eaf18f070dabf01554730f96cb381e336c7fa11.zip	x zh-Hant	Apple LiSung
1	659519	sha1:7be592c516076e272d64dcb0967f7b3dd7f3601b	http://updates-http.cdn-apple.com/2019/ios/041-71823-20190919-727D8F22-D598-11E9-BBB9-A15472111DF7/com_apple_MobileAsset_Font6/c5b20a1f237ed8a6ba4f6ebe79c16b782305f31f.zip	x de tr es cy ca fi sv nl fr hu cs is en da it lt id vi ms sk mt pt hr pl ro	Lucida Grande	Lucida Grande
1	218721	sha1:66f90198de97e4805b8e9973b7ec09ba5dd8b1e0	http://updates-http.cdn-apple.com/2019/ios/041-71823-20190919-727D8F22-D598-11E9-BBB9-A15472111DF7/com_apple_MobileAsset_Font6/69f6f5f345b21a6674d8d436c154adb00b35732f.zip	x de tr es cy ca fi sv nl fr hu cs is en da it lt id vi ms sk mt pt hr pl ro	Luminari
1	983248	sha1:8cb7623346b631a6dda72c613964f3fbd5a6a219	http://updates-http.cdn-apple.com/2019/ios/041-71823-20190919-727D8F22-D598-11E9-BBB9-A15472111DF7/com_apple_MobileAsset_Font6/7128b18f28ee79eb868c661758e7d374b98f72db.zip	x hi mr	Maku	Maku
1	87215	sha1:8cf01e33a9869cdd24b40614a1946810ede95587	http://updates-http.cdn-apple.com/2019/ios/041-71823-20190919-727D8F22-D598-11E9-BBB9-A15472111DF7/com_apple_MobileAsset_Font6/ec925bb088c59dcc6828e1103dd042b490922118.zip	x ml	Malayalam MN	Malayalam MN
1	361874	sha1:aac5acdbd8b90813c4f8cf5d1dc9860e013235db	http://updates-http.cdn-apple.com/2019/ios/041-71823-20190919-727D8F22-D598-11E9-BBB9-A15472111DF7/com_apple_MobileAsset_Font6/d6c1401d0a4454db1ff0f9f720eb9c8c68e05ef0.zip	x id fi tr gv nl hu is it ca nn om sv pl da en sw nb af eo gl gsw haw lt ms cs sk fo mt kw sl lv de ga vi ro es fr ha et az kl so eu pt zu hr sq cy	Microsoft Sans Serif
1	17783787	sha1:8d03d67d063a73df86870a4884945de33be4c421	http://updates-http.cdn-apple.com/2019/ios/041-71823-20190919-727D8F22-D598-11E9-BBB9-A15472111DF7/com_apple_MobileAsset_Font6/b6841082981e7a8ab74788c20cb89f11493fd4bf.zip	x zh-Hans zh	LingWai SC
1	18432393	sha1:6426761f9b8b7ef64734dc7b2ff7b6c17256bab4	http://updates-http.cdn-apple.com/2019/ios/041-71823-20190919-727D8F22-D598-11E9-BBB9-A15472111DF7/com_apple_MobileAsset_Font6/ec88728883c8296c7eb583ce64501d3242b25c2f.zip	x zh-Hant	LingWai TC
1	196357	sha1:5c5b42ec51b1e4b1ff4fd3e2593f43ebe35cf28a	http://updates-http.cdn-apple.com/2019/ios/041-71823-20190919-727D8F22-D598-11E9-BBB9-A15472111DF7/com_apple_MobileAsset_Font6/3ec2a48887d59eda324f2305740c577d313689ac.zip	x hi	Modak
1	182481	sha1:431f8ca060f2ec967ba44bba443ce69553309cbe	http://updates-http.cdn-apple.com/2019/ios/041-71823-20190919-727D8F22-D598-11E9-BBB9-A15472111DF7/com_apple_MobileAsset_Font6/91dbcffe354b5d891704707d5eadf1a5166dac28.zip	x de tr es cy ca fi sv nl fr hu cs is en da it lt id vi ms sk mt pt hr pl ro	Monaco
1	69030	sha1:3fcd21c417dad953a2a4535189b9a091c9773577	http://updates-http.cdn-apple.com/2019/ios/041-71823-20190919-727D8F22-D598-11E9-BBB9-A15472111DF7/com_apple_MobileAsset_Font6/a41f8009a595e28639f62d954cb4c6e9feb1d63b.zip	x de tr es ca fi sv nl fr hu cs is en da it lt id ms sk pt hr pl ro	Mona Lisa Solid ITC TT
1	39566	sha1:39388e156b51bccaac06b59b5866e512748a18dd	http://updates-http.cdn-apple.com/2019/ios/041-71823-20190919-727D8F22-D598-11E9-BBB9-A15472111DF7/com_apple_MobileAsset_Font6/f13e09b88ac3635fdbaca63f54faf86468adff3a.zip	x pa	Gurmukhi MT
1	104733	sha1:7390597d237a65cf4f30b34c7df637f6981b11c8	http://updates-http.cdn-apple.com/2019/ios/041-71823-20190919-727D8F22-D598-11E9-BBB9-A15472111DF7/com_apple_MobileAsset_Font6/3c2eec05e6ab987f306fd0b1e749ca69705a8db9.zip	x hy	Mshtakan	Mshtakan	Mshtakan	Mshtakan
1	1303515	sha1:4c3b13897907f026db2a4428a38fc305d829da08	http://updates-http.cdn-apple.com/2019/ios/041-71823-20190919-727D8F22-D598-11E9-BBB9-A15472111DF7/com_apple_MobileAsset_Font6/1850ab41a5b0bf46ccad786c6c733feb84da7a4d.zip	x hi	Mukta Regular	Mukta SemiBold	Mukta Medium	Mukta Light	Mukta ExtraLight	Mukta ExtraBold	Mukta Bold
1	711713	sha1:6febf0ba454917a6ee43693afe34b17e735d98d0	http://updates-http.cdn-apple.com/2019/ios/041-71823-20190919-727D8F22-D598-11E9-BBB9-A15472111DF7/com_apple_MobileAsset_Font6/2881e7bf1eded0754923b34d310edb654f0a857a.zip	x ta	Mukta Malar Bold	Mukta Malar ExtraBold	Mukta Malar ExtraLight	Mukta Malar Light	Mukta Malar Medium	Mukta Malar Regular	Mukta Malar SemiBold
1	1262676	sha1:7c3c78687d02d054a8f0ff9efeab92d8cdca9ece	http://updates-http.cdn-apple.com/2019/ios/041-71823-20190919-727D8F22-D598-11E9-BBB9-A15472111DF7/com_apple_MobileAsset_Font6/a19eb7cce29b1f0673ae2aecff74dd5f38a730aa.zip	x gu	Mukta Vaani Light	Mukta Vaani Bold	Mukta Vaani ExtraBold	Mukta Vaani ExtraLight	Mukta Vaani Medium	Mukta Vaani Regular	Mukta Vaani SemiBold
1	119619	sha1:da04a4f98bb5b2fc04bc0d5c7145ce4ca2046978	http://updates-http.cdn-apple.com/2019/ios/041-71823-20190919-727D8F22-D598-11E9-BBB9-A15472111DF7/com_apple_MobileAsset_Font6/685f99ff23323332267f02ede9c411e25830555b.zip	x ar	Muna	.Muna PUA	Muna	.Muna PUA	Muna	.Muna PUA
1	82660	sha1:70ab24ead0ce67e4e405cbf2e833925ef29c7e3a	http://updates-http.cdn-apple.com/2019/ios/041-71823-20190919-727D8F22-D598-11E9-BBB9-A15472111DF7/com_apple_MobileAsset_Font6/87d634fa275bc5ea79a358a439f1758117fcacc3.zip	x my	Myanmar MN	Myanmar MN
1	949401	sha1:d57f162119921fc1db82fa22d5414532d1696b83	http://updates-http.cdn-apple.com/2019/ios/041-71823-20190919-727D8F22-D598-11E9-BBB9-A15472111DF7/com_apple_MobileAsset_Font6/9efe45b0375568640ef6e4a9c5c6e572708471a7.zip	x fa ur ar	Myriad Arabic	Myriad Arabic	Myriad Arabic	Myriad Arabic	Myriad Arabic Semibold	Myriad Arabic Semibold	Myriad Arabic Black	Myriad Arabic Black	Myriad Arabic Light	Myriad Arabic Light
1	33032	sha1:7c32c3d3af9b7ff68e969785d18649850ef6e84a	http://updates-http.cdn-apple.com/2019/ios/041-71823-20190919-727D8F22-D598-11E9-BBB9-A15472111DF7/com_apple_MobileAsset_Font6/79a40e932e4c6391b06918d97010f06cd968f53e.zip	x fa ar	Nadeem	.Nadeem PUA
1	2934719	sha1:4b79e762beff634c1c5f7352ef9f416b435c8cb3	http://updates-http.cdn-apple.com/2019/ios/041-71823-20190919-727D8F22-D598-11E9-BBB9-A15472111DF7/com_apple_MobileAsset_Font6/3b0bb049516d6dd825e1cd8731587ca7415517ff.zip	x ko	Nanum Brush Script	Nanum Pen Script
1	7175377	sha1:0b99286c8e8be6ca154fb6f8f613996f4efe3958	http://updates-http.cdn-apple.com/2019/ios/041-71823-20190919-727D8F22-D598-11E9-BBB9-A15472111DF7/com_apple_MobileAsset_Font6/ee9e9584cd1a5f676e03a9efcc80783bc7e12e2c.zip	x ko	NanumGothic	NanumGothic	NanumGothic
1	4907547	sha1:2fc34406e4703431d4e19f0bc41a56c444f3f10d	http://updates-http.cdn-apple.com/2019/ios/041-71823-20190919-727D8F22-D598-11E9-BBB9-A15472111DF7/com_apple_MobileAsset_Font6/5c10807185ddbca859bc0b3ecefe55ebb1985aa9.zip	x ko	NanumMyeongjo	NanumMyeongjo	NanumMyeongjo
1	89470	sha1:99dee0b9240f9172d3bae00404f40e98d5669d7d	http://updates-http.cdn-apple.com/2019/ios/041-71823-20190919-727D8F22-D598-11E9-BBB9-A15472111DF7/com_apple_MobileAsset_Font6/d2f1038a1a8f9638bd74c2a8cbabff4e1a0e9bf8.zip	x he	New Peninim MT	New Peninim MT	New Peninim MT	New Peninim MT
1	33098	sha1:5916e4edd9c6ec0e4e15887a35c29e98a0e54dec	http://updates-http.cdn-apple.com/2019/ios/041-71823-20190919-727D8F22-D598-11E9-BBB9-A15472111DF7/com_apple_MobileAsset_Font6/a448387e4525d79e77b1e21f0100e17477a44977.zip	x ar	Nisan	.Nisan PUA
1	368826	sha1:2c49488eb7a193594b4cc6f41f08ea5c69ca3136	http://updates-http.cdn-apple.com/2019/ios/041-71823-20190919-727D8F22-D598-11E9-BBB9-A15472111DF7/com_apple_MobileAsset_Font6/9a7b86f75242026d7dcc84b171a9d08d05dfe079.zip	x kn	Noto Serif Kannada	Noto Serif Kannada Thin	Noto Serif Kannada SemiBold	Noto Serif Kannada Medium	Noto Serif Kannada Light	Noto Serif Kannada ExtraLight	Noto Serif Kannada ExtraBold	Noto Serif Kannada	Noto Serif Kannada Black
1	91233	sha1:c27803cdc523144aafa338f439d2179d7aefd261	http://updates-http.cdn-apple.com/2019/ios/041-71823-20190919-727D8F22-D598-11E9-BBB9-A15472111DF7/com_apple_MobileAsset_Font6/b5f89b4c90f80a0c5a7aa32dcc9c9d0795b0c5d6.zip	x or	Oriya MN	Oriya MN
1	88164	sha1:91e07cbffc7a52d0e7633ec7c0981fc5c63d469d	http://updates-http.cdn-apple.com/2019/ios/041-71823-20190919-727D8F22-D598-11E9-BBB9-A15472111DF7/com_apple_MobileAsset_Font6/adb13dac515236fe17b894ea94342cac8da1bab4.zip	x or	Oriya Sangam MN	Oriya Sangam MN
1	2060411	sha1:126d65de275e8cd6a44de1e88599a50de73c51d9	http://updates-http.cdn-apple.com/2019/ios/041-71823-20190919-727D8F22-D598-11E9-BBB9-A15472111DF7/com_apple_MobileAsset_Font6/f7be88d8810a72a553ddc7ba14c15aff10ffc581.zip	x ja	Osaka
1	1397719	sha1:7de0958ba16a5a56175c5a24cae6bc133d622624	http://updates-http.cdn-apple.com/2019/ios/041-71823-20190919-727D8F22-D598-11E9-BBB9-A15472111DF7/com_apple_MobileAsset_Font6/5c5ff94f65c8472a12188a8ce9843eee9307a2b6.zip	x ja	Osaka
1	103885	sha1:360833c2dc1b16ab19af8b1e3446497b88567503	http://updates-http.cdn-apple.com/2019/ios/041-71823-20190919-727D8F22-D598-11E9-BBB9-A15472111DF7/com_apple_MobileAsset_Font6/a5b53f936a955d269ef3b4a9033804eeebbafce1.zip	x de tr es cy ca fi sv nl fr hu cs is en da it lt id vi ms sk mt pt hr pl ro	Phosphate	Phosphate
1	40870	sha1:0ea393f6db857cdfcd11a81bc881e3d6f9ba53c1	http://updates-http.cdn-apple.com/2019/ios/041-71823-20190919-727D8F22-D598-11E9-BBB9-A15472111DF7/com_apple_MobileAsset_Font6/4d5e0924453b3a2fcd4f50ec69afc1e47f131e68.zip	x chr	Plantagenet Cherokee
1	85636	sha1:3de7c44ccc9a1d8f634a68e68a22de7faebe9c6a	http://updates-http.cdn-apple.com/2019/ios/041-71823-20190919-727D8F22-D598-11E9-BBB9-A15472111DF7/com_apple_MobileAsset_Font6/80d925e14bc2adb2b61371d33c4351d22a601220.zip	x ca fr id pt de ms it fi en sv da	PortagoITC TT
1	22975	sha1:636633e3257dc59f87c94cb860e72ff0a71e8033	http://updates-http.cdn-apple.com/2019/ios/041-71823-20190919-727D8F22-D598-11E9-BBB9-A15472111DF7/com_apple_MobileAsset_Font6/32185ca812861b6f7be7a05188caf0525a80379f.zip	x ca fr id pt ms it sv en da	Princetown LET
1	161207	sha1:8450cd5c71333cbcd29057e0cd9b1a4f83f90e54	http://updates-http.cdn-apple.com/2019/ios/041-71823-20190919-727D8F22-D598-11E9-BBB9-A15472111DF7/com_apple_MobileAsset_Font6/f9cb1a8cb284e4cfae229f476cbe49331215cc60.zip	x th	PSL Ornanong Pro	PSL Ornanong Pro	PSL Ornanong Pro	PSL Ornanong Pro	PSL Ornanong Pro	PSL Ornanong Pro	PSL Ornanong Pro	PSL Ornanong Pro
1	165273	sha1:7f5cb70bee8b6b416e67befea76347ea6cfe1bf9	http://updates-http.cdn-apple.com/2019/ios/041-71823-20190919-727D8F22-D598-11E9-BBB9-A15472111DF7/com_apple_MobileAsset_Font6/61f5284e146e52ab5e869184a667ddcfb0963730.zip	x uk be bg ru sr	PT Mono	PT Mono
1	1205756	sha1:8f52307f8a6e147267419a7ef3ee7096ea9c7f51	http://updates-http.cdn-apple.com/2019/ios/041-71823-20190919-727D8F22-D598-11E9-BBB9-A15472111DF7/com_apple_MobileAsset_Font6/4c7a537c160d6d81008cb16976ccb51c23f3f02f.zip	x uk be bg ru sr	PT Sans	PT Sans	PT Sans Narrow	PT Sans Narrow	PT Sans Caption	PT Sans Caption	PT Sans	PT Sans
1	342838	sha1:5bc216c2eb835b25c03692032efc58c4f8193aac	http://updates-http.cdn-apple.com/2019/ios/041-71823-20190919-727D8F22-D598-11E9-BBB9-A15472111DF7/com_apple_MobileAsset_Font6/086ed6d0c915eb2d02f378365153bd18b04a024f.zip	x uk be bg ru sr	PT Serif Caption	PT Serif Caption
1	546161	sha1:77f2c4d40c9af349bedc539781fa2c7aaad8b459	http://updates-http.cdn-apple.com/2019/ios/041-71823-20190919-727D8F22-D598-11E9-BBB9-A15472111DF7/com_apple_MobileAsset_Font6/ffbbcf7d21d781f228f076c92fc610363f9c0a66.zip	x uk be bg ru sr	PT Serif	PT Serif	PT Serif	PT Serif
1	38425	sha1:f37e86f9f2901fb6a0bb4a5ae09c0e804fe3d939	http://updates-http.cdn-apple.com/2019/ios/041-71823-20190919-727D8F22-D598-11E9-BBB9-A15472111DF7/com_apple_MobileAsset_Font6/503994ba822966f679def91e5a85bd26c081b11e.zip	x he	Raanana	Raanana
1	27817	sha1:d1b8e03d5be3a1847375a236b2293752ffbaf8a8	http://updates-http.cdn-apple.com/2019/ios/041-71823-20190919-727D8F22-D598-11E9-BBB9-A15472111DF7/com_apple_MobileAsset_Font6/9da889afbad348879fbf08fd7134e086dafe1522.zip	x ar	Raya	.Raya PUA
1	39621	sha1:fb579b22b34e8200e94d4cddc1b19284b7dc36a7	http://updates-http.cdn-apple.com/2019/ios/041-71823-20190919-727D8F22-D598-11E9-BBB9-A15472111DF7/com_apple_MobileAsset_Font6/9f44be5813dcf868ac12b91ae53e5e14453e9da5.zip	x ar	Sana	.Sana PUA
1	50574	sha1:2d9e73992b48d8fb6313c2bdee1787ee3ee85554	http://updates-http.cdn-apple.com/2019/ios/041-71823-20190919-727D8F22-D598-11E9-BBB9-A15472111DF7/com_apple_MobileAsset_Font6/f31fe8badff4fbfff83e9b358aa0c59d44f4c4c0.zip	x id cs nl ca lt sk it fi pt sv en ms es hu de	Santa Fe LET
1	127298	sha1:faf4d6048aa1580c9f8fdab47b6d3a4f5eac5251	http://updates-http.cdn-apple.com/2019/ios/041-71823-20190919-727D8F22-D598-11E9-BBB9-A15472111DF7/com_apple_MobileAsset_Font6/5fc7a7ee0808cf814e873837eeb1ca4ad8cd6afa.zip	x th	Sathu
1	37995	sha1:d888414b760929b4ed966d168713f98398195c8d	http://updates-http.cdn-apple.com/2019/ios/041-71823-20190919-727D8F22-D598-11E9-BBB9-A15472111DF7/com_apple_MobileAsset_Font6/c5ab0d3336a980b184c7f4770625ce7fa9878030.zip	x ca id pt de ms it sv en da	SchoolHouse Cursive B
1	43155	sha1:e73fe0301511671ceeb8f42b6c8b288264d31c18	http://updates-http.cdn-apple.com/2019/ios/041-71823-20190919-727D8F22-D598-11E9-BBB9-A15472111DF7/com_apple_MobileAsset_Font6/ba4c379df363566143b863df380a35127a96cbf7.zip	x ca fr id pt de ms it nl en sv da	SchoolHouse Printed A
1	516610	sha1:992a258446a7a1d6294887ac0494e03f9f6e2574	http://updates-http.cdn-apple.com/2019/ios/041-71823-20190919-727D8F22-D598-11E9-BBB9-A15472111DF7/com_apple_MobileAsset_Font6/9f8f044e3048fc7e6386ea20be4b8f991e0a88c0.zip	x hi	Shobhika Regular	Shobhika Bold
1	247922	sha1:b747f0d48211d8d212612f93efdc9c5e50a28124	http://updates-http.cdn-apple.com/2019/ios/041-71823-20190919-727D8F22-D598-11E9-BBB9-A15472111DF7/com_apple_MobileAsset_Font6/2e0e5846aeb7271fb50ff9211c37bbb93a8977a1.zip	x hi	Shree Devanagari 714	Shree Devanagari 714	Shree Devanagari 714	Shree Devanagari 714
1	100188	sha1:a67847b4a32152ba1c311fb64b1194e528c2ba37	http://updates-http.cdn-apple.com/2019/ios/041-71823-20190919-727D8F22-D598-11E9-BBB9-A15472111DF7/com_apple_MobileAsset_Font6/ea60e42f5945aa7a073d5473f52e648862cb06bb.zip	x de tr es cy ca fi sv nl fr hu cs is en da it lt id vi ms sk mt pt hr pl ro	SignPainter-HouseScript
1	4829498	sha1:b98e97f356ee6650400cecf3d236754ce7bec5f0	http://updates-http.cdn-apple.com/2019/ios/041-71823-20190919-727D8F22-D598-11E9-BBB9-A15472111DF7/com_apple_MobileAsset_Font6/36440aa0be75aaa7a1fab8c5c42930b7d407dc48.zip	x zh-Hans zh	Hei
1	5328254	sha1:ce07f92bbc69b6a2768765f2846bce4cf36c4e22	http://updates-http.cdn-apple.com/2019/ios/041-71823-20190919-727D8F22-D598-11E9-BBB9-A15472111DF7/com_apple_MobileAsset_Font6/7cb72b1f60ccd0551894a1f248aa7c28fa3afb1d.zip	x zh-Hans zh	Kai
1	94130	sha1:93525e7729d5d7c1ce59bf6461644e6d0225f824	http://updates-http.cdn-apple.com/2019/ios/041-71823-20190919-727D8F22-D598-11E9-BBB9-A15472111DF7/com_apple_MobileAsset_Font6/60a2c7e7543f77176734a7d4a18c17f02087aa83.zip	x th	Silom
1	209082	sha1:2d642bb442f659fc86cc57e2cc43e053aee44aac	http://updates-http.cdn-apple.com/2019/ios/041-71823-20190919-727D8F22-D598-11E9-BBB9-A15472111DF7/com_apple_MobileAsset_Font6/7081a1ddf7887845d645769fa55723d3dca1e826.zip	x si	Sinhala MN	Sinhala MN
1	303598	sha1:11be4a01ead7c8cfbcb38414904dd4902af163bf	http://updates-http.cdn-apple.com/2019/ios/041-71823-20190919-727D8F22-D598-11E9-BBB9-A15472111DF7/com_apple_MobileAsset_Font6/b87fa02437ac440e562f0e8b46a88f278f63e7d0.zip	x nn lt id kw teo luy cgg mfe om ms gl fo lv es xog af pl et ca fr eu rof gsw kea da sg rwk luo bez ksb swc kde nyn bem rm hr de sk rn gv mgh jmc sl dav nb ro pt hu sn tk is nd mg so vun it ga saq zu kln sq fil bs rw sbp fi tr asa cs seh guz nl en sv sw	Skia	Skia	Skia	Skia	Skia	Skia	Skia	Skia	Skia	Skia
1	28340	sha1:7215008e921b2e046345eb41fd1e7eb051164760	http://updates-http.cdn-apple.com/2019/ios/041-71823-20190919-727D8F22-D598-11E9-BBB9-A15472111DF7/com_apple_MobileAsset_Font6/8fcfea3d47dfa818cfc05ed56ef44bada1e63a36.zip	x ar	Somer	.Somer PUA
1	25564562	sha1:5e5c49f0cedaff634130a9f8407bc431c8f66576	http://updates-http.cdn-apple.com/2019/ios/041-71823-20190919-727D8F22-D598-11E9-BBB9-A15472111DF7/com_apple_MobileAsset_Font6/c91371d5492434af5929487028bf10767406267c.zip	x zh-Hans zh zh-Hant	Baoli SC	Baoli TC
1	10774753	sha1:adc0d2f82d5c56c4abcd420aa9feed120f6a1620	http://updates-http.cdn-apple.com/2019/ios/041-71823-20190919-727D8F22-D598-11E9-BBB9-A15472111DF7/com_apple_MobileAsset_Font6/4c66b413a81d594dc2fc430266c1629c30a5237b.zip	x zh-Hans zh	STFangsong
1	9087842	sha1:44efe16a47b279572f33ceab56e5078b7f6fc29e	http://updates-http.cdn-apple.com/2019/ios/041-71823-20190919-727D8F22-D598-11E9-BBB9-A15472111DF7/com_apple_MobileAsset_Font6/bf625d290b705582d5fd619878281f3325b075d0.zip	x zh-Hans zh	STHeiti
1	29798339	sha1:842ae492c2d8650a83a891c75ef0531196d1ac80	http://updates-http.cdn-apple.com/2019/ios/041-71823-20190919-727D8F22-D598-11E9-BBB9-A15472111DF7/com_apple_MobileAsset_Font6/0c17f10ce42daf0eb40f68750f5f1f5fd0ebe0df.zip	x zh-Hant zh-Hans zh	Heiti TC	Heiti SC
1	29128045	sha1:8388d229aec7d57072cd1f1cc94819f1b7478741	http://updates-http.cdn-apple.com/2019/ios/041-71823-20190919-727D8F22-D598-11E9-BBB9-A15472111DF7/com_apple_MobileAsset_Font6/0efd63e74b014ee3955848e33db0cff8a1c429ad.zip	x zh-Hant zh-Hans zh	Heiti TC	Heiti SC
1	460394	sha1:f87b7e4dffd0e2d8d007bef31e950769972cb135	http://updates-http.cdn-apple.com/2019/ios/041-71823-20190919-727D8F22-D598-11E9-BBB9-A15472111DF7/com_apple_MobileAsset_Font6/4bf13d2de31eaf99f63af45d57d05f904dc1cdd6.zip	x de tr es cy ca fi sv nl fr hu cs is en da it lt id vi ms sk mt pt hr pl ro	STIX Two Math
1	187983	sha1:7d4e30014a92d270f22201ff00c10ec00cf8f30c	http://updates-http.cdn-apple.com/2019/ios/041-71823-20190919-727D8F22-D598-11E9-BBB9-A15472111DF7/com_apple_MobileAsset_Font6/ce26d45c02188b21c529e70fff2de71f95520fd0.zip	x de tr es cy ca fi sv nl fr hu cs is en da it lt id vi ms sk mt pt hr pl ro	STIX Two Text
1	187926	sha1:158265120e42ad91ec0ec090d8de8bb9a332c93d	http://updates-http.cdn-apple.com/2019/ios/041-71823-20190919-727D8F22-D598-11E9-BBB9-A15472111DF7/com_apple_MobileAsset_Font6/96e4dd0f63992db1909a64f9199141b2b0a0708e.zip	x de tr es cy ca fi sv nl fr hu cs is en da it lt id vi ms sk mt pt hr pl ro	STIX Two Text
1	193755	sha1:513aaa5d53638a7986b938ce60e48ab443dd3147	http://updates-http.cdn-apple.com/2019/ios/041-71823-20190919-727D8F22-D598-11E9-BBB9-A15472111DF7/com_apple_MobileAsset_Font6/97fd620df889d9cee9bdeced1129eb785e9a69f4.zip	x de tr es cy ca fi sv nl fr hu cs is en da it lt id vi ms sk mt pt hr pl ro	STIX Two Text
1	191419	sha1:c45753b7d23cdef8c731fcde7f05544c7f4cc552	http://updates-http.cdn-apple.com/2019/ios/041-71823-20190919-727D8F22-D598-11E9-BBB9-A15472111DF7/com_apple_MobileAsset_Font6/64b6af64152246a0974d8270bba4d02317d4be1b.zip	x de tr es cy ca fi sv nl fr hu cs is en da it lt id vi ms sk mt pt hr pl ro	STIX Two Text
1	66335368	sha1:aa0394057ecf44dd7a841ca7fbfe01982426dd7b	http://updates-http.cdn-apple.com/2019/ios/041-71823-20190919-727D8F22-D598-11E9-BBB9-A15472111DF7/com_apple_MobileAsset_Font6/00e58c0676b9e589e9309dbca4b795bbba3b5420.zip	x zh-Hans zh zh-Hant	Kaiti SC	STKaiti	Kaiti TC	Kaiti SC	Kaiti TC	Kaiti SC	Kaiti TC
1	21660814	sha1:ceafbc276567c6002ee1751c156823bfc3e65a97	http://updates-http.cdn-apple.com/2019/ios/041-71823-20190919-727D8F22-D598-11E9-BBB9-A15472111DF7/com_apple_MobileAsset_Font6/263f8d1ebcf06f4703bab24071039da20fb4bb92.zip	x zh-Hans zh zh-Hant	Libian SC	Libian TC
1	150645	sha1:eb8e1939d85020d0b63750c9bfad8b63f30ed442	http://updates-http.cdn-apple.com/2019/ios/041-71823-20190919-727D8F22-D598-11E9-BBB9-A15472111DF7/com_apple_MobileAsset_Font6/eec33fac309440813eb64c450bbfa929403b34ff.zip	x de tr es ca fi sv nl fr hu cs is en da it lt id ms sk pt pl ro	Stone Sans Sem ITC TT	Stone Sans Sem ITC TT	Stone Sans ITC TT
1	43702578	sha1:bf2eff35076fda7e24a1ed851fcfaad7629b1312	http://updates-http.cdn-apple.com/2019/ios/041-71823-20190919-727D8F22-D598-11E9-BBB9-A15472111DF7/com_apple_MobileAsset_Font6/8e7b6109583fe577c25e5fc559daa5300a928d74.zip	x zh-Hans zh zh-Hant	Songti SC	Songti SC	Songti TC	Songti SC	STSong	Songti TC	Songti SC	Songti TC
1	8458703	sha1:8423a4a2b26cec4673ad033b666ec4593234dcd7	http://updates-http.cdn-apple.com/2019/ios/041-71823-20190919-727D8F22-D598-11E9-BBB9-A15472111DF7/com_apple_MobileAsset_Font6/a4374b18bc562b80a5a4940e1f2008bbd58156c4.zip	x zh-Hans zh	STHeiti
1	54770542	sha1:a9c15e83b4ec3e4a15f06991fb49417e3cd458c5	http://updates-http.cdn-apple.com/2019/ios/041-71823-20190919-727D8F22-D598-11E9-BBB9-A15472111DF7/com_apple_MobileAsset_Font6/fedef1896002be99406da1bf1a1a6104a1737b39.zip	x zh-Hans zh zh-Hant	Xingkai SC	Xingkai TC	Xingkai SC	Xingkai TC
1	46455121	sha1:1e4561ad632745cfdfb4c9932844aed033daec6c	http://updates-http.cdn-apple.com/2019/ios/041-71823-20190919-727D8F22-D598-11E9-BBB9-A15472111DF7/com_apple_MobileAsset_Font6/ec2979c8550757993101e27b30b2b89cb45917fc.zip	x zh-Hans zh zh-Hant	Yuanti SC	Yuanti TC	Yuanti SC	Yuanti TC	Yuanti SC	Yuanti TC
1	288991	sha1:0ceba3b275d53af52326c9f69b22236aa3935afb	http://updates-http.cdn-apple.com/2019/ios/041-71823-20190919-727D8F22-D598-11E9-BBB9-A15472111DF7/com_apple_MobileAsset_Font6/0a0d3f727336ba0b66c5990a8c58c04c7011c679.zip	x th	Sukhumvit Set	Sukhumvit Set	Sukhumvit Set	Sukhumvit Set	Sukhumvit Set	Sukhumvit Set
1	63722	sha1:a55cc7bdda9f92060a93b03c58a6f0ee8c9e758d	http://updates-http.cdn-apple.com/2019/ios/041-71823-20190919-727D8F22-D598-11E9-BBB9-A15472111DF7/com_apple_MobileAsset_Font6/9f235061c3c7ce7735821172fc96a4bf6114e9f9.zip	x de tr es ca fi sv nl fr hu cs is en da it lt id ms sk mt pt hr ro	Synchro LET
1	379533	sha1:6e212da4d5e58385e917458f19011aafb64ea7ca	http://updates-http.cdn-apple.com/2019/ios/041-71823-20190919-727D8F22-D598-11E9-BBB9-A15472111DF7/com_apple_MobileAsset_Font6/5c7ed9908298e36ffc8fac9c71837bcc73a7baef.zip	x id fi tr gv nl hu is it ca nn om sv pl da en sw nb af eo gl gsw haw lt ms cs sk fo mt kw sl lv de ga vi ro es fr ha et az kl so eu pt zu hr sq cy	Tahoma
1	346090	sha1:cb0b9c98aabcbdb88009eb061c09c76c507fa1e7	http://updates-http.cdn-apple.com/2019/ios/041-71823-20190919-727D8F22-D598-11E9-BBB9-A15472111DF7/com_apple_MobileAsset_Font6/c3c8295ee4dab3db8eeed9f4cad7d7d5f80ff895.zip	x id fi tr gv nl hu is it ca nn om sv pl da en sw nb af eo gl gsw haw lt ms cs sk fo mt kw sl lv de ga vi ro es fr ha et az kl so eu pt zu hr sq cy	Tahoma
1	76468	sha1:03cea7caa384452b9ab27ee3dcae9ed64688b122	http://updates-http.cdn-apple.com/2019/ios/041-71823-20190919-727D8F22-D598-11E9-BBB9-A15472111DF7/com_apple_MobileAsset_Font6/3ed92b905ec3a0fb0db6862f59b383c4c273a366.zip	x ta	Tamil MN	Tamil MN
1	118278	sha1:cdd531d28b51273e37baac1c28271f08f26f09f1	http://updates-http.cdn-apple.com/2019/ios/041-71823-20190919-727D8F22-D598-11E9-BBB9-A15472111DF7/com_apple_MobileAsset_Font6/a2ebc7cff7e2ae11ea210373e39de72818b4984f.zip	x te	Telugu MN	Telugu MN
1	118775	sha1:a8b4f06c109a2bfcaf143307554ba9bba184d6ea	http://updates-http.cdn-apple.com/2019/ios/041-71823-20190919-727D8F22-D598-11E9-BBB9-A15472111DF7/com_apple_MobileAsset_Font6/a79389c9da5e6b2f0d3396a5bf4091615896d3d2.zip	x te	Telugu Sangam MN	Telugu Sangam MN
1	399115	sha1:c111332c8f921c4134a594ff6acead4e8f4915dd	http://updates-http.cdn-apple.com/2019/ios/041-71823-20190919-727D8F22-D598-11E9-BBB9-A15472111DF7/com_apple_MobileAsset_Font6/a918dd307d9dbb4381903642052494b5d4c1f1b8.zip	x de tr es cy ca fi sv nl fr hu cs is en da it lt id vi ms sk mt pt hr pl ro	Times	Times	Times	Times
1	109821	sha1:9e4178b7f43bad4f7889823db7cc1d7ee017d07d	http://updates-http.cdn-apple.com/2019/ios/041-71823-20190919-727D8F22-D598-11E9-BBB9-A15472111DF7/com_apple_MobileAsset_Font6/b7cb86712134835abc2a6766c2e6f643b3d4a777.zip	x bn	Tiro Bangla
1	52456	sha1:89ce9102e32f9a232b4f8675a1f470947a913dcd	http://updates-http.cdn-apple.com/2019/ios/041-71823-20190919-727D8F22-D598-11E9-BBB9-A15472111DF7/com_apple_MobileAsset_Font6/ec1c50819e6d5acaa3c3d29d3144d5df2821b7f5.zip	x pa	Tiro Gurmukhi
1	120325	sha1:0447ab8d5db26105cf883be0e06a76c29fbabf55	http://updates-http.cdn-apple.com/2019/ios/041-71823-20190919-727D8F22-D598-11E9-BBB9-A15472111DF7/com_apple_MobileAsset_Font6/54bf47f95f68cb2b8230195423a01424fa6c7154.zip	x hi	Tiro Hindi
1	107612	sha1:e048501f6968c650fbe50907c1a8bb2eed855a44	http://updates-http.cdn-apple.com/2019/ios/041-71823-20190919-727D8F22-D598-11E9-BBB9-A15472111DF7/com_apple_MobileAsset_Font6/24d44b218f90c4d67c550be3aeccd44c28a48f80.zip	x kn	Tiro Kannada
1	120385	sha1:bd4a9faa586ffc34d3b73cbeb18518fb3e7f77d7	http://updates-http.cdn-apple.com/2019/ios/041-71823-20190919-727D8F22-D598-11E9-BBB9-A15472111DF7/com_apple_MobileAsset_Font6/d50449b2041f6698bb287b393361e3e4631b4ff0.zip	x hi mr	Tiro Marathi
1	186548	sha1:a81aeeb82baed39791e127f47a208112c5dacd45	http://updates-http.cdn-apple.com/2019/ios/041-71823-20190919-727D8F22-D598-11E9-BBB9-A15472111DF7/com_apple_MobileAsset_Font6/0b1f665c1316139913c24ab77db94d9609bb4a2d.zip	x hi	Tiro Sanskrit
1	62202	sha1:5c4678c902bc7002cecf4701d2c41e7e75295852	http://updates-http.cdn-apple.com/2019/ios/041-71823-20190919-727D8F22-D598-11E9-BBB9-A15472111DF7/com_apple_MobileAsset_Font6/571e7d7e94d39f5b19e257b4bb7ec73e5adaf22e.zip	x ta	Tiro Tamil
1	145804	sha1:fdf4901b7b8f350815cce6e5556cc7a1c1754e63	http://updates-http.cdn-apple.com/2019/ios/041-71823-20190919-727D8F22-D598-11E9-BBB9-A15472111DF7/com_apple_MobileAsset_Font6/4c7afa24c934c96d23803f01be8921c21807fa62.zip	x te	Tiro Telugu
1	9869152	sha1:3189f24f89f5b511210208b68ed30b2cc9cc98ab	http://updates-http.cdn-apple.com/2019/ios/041-71823-20190919-727D8F22-D598-11E9-BBB9-A15472111DF7/com_apple_MobileAsset_Font6/5ef536f846908ec81f4b37caef397b3cb050b64e.zip	x ja	Toppan Bunkyu Gothic	Toppan Bunkyu Gothic
1	2305528	sha1:e4c15a681e2e98473bd903a2f458f184b27416b2	http://updates-http.cdn-apple.com/2019/ios/041-71823-20190919-727D8F22-D598-11E9-BBB9-A15472111DF7/com_apple_MobileAsset_Font6/c7c8e5cb889b80fff0175bf138a7b66c6f027f21.zip	x ja	Toppan Bunkyu Midashi Gothic
1	3181062	sha1:018f2383f838f3956b8f53c0ca1577ee811af100	http://updates-http.cdn-apple.com/2019/ios/041-71823-20190919-727D8F22-D598-11E9-BBB9-A15472111DF7/com_apple_MobileAsset_Font6/14a24f75750dfdd5cb190b7d808e8d4731888704.zip	x ja	Toppan Bunkyu Midashi Mincho
1	5932916	sha1:ee8de08772cdd3dd78af5e5dc2f8474828e1b20b	http://updates-http.cdn-apple.com/2019/ios/041-71823-20190919-727D8F22-D598-11E9-BBB9-A15472111DF7/com_apple_MobileAsset_Font6/d37ed4f492e87221b72d5c3aa5d4ff76e6d37c87.zip	x ja	Toppan Bunkyu Mincho
1	364402	sha1:8d40d37e03ea21a1be9b4c63d2392461597b959b	http://updates-http.cdn-apple.com/2019/ios/041-71823-20190919-727D8F22-D598-11E9-BBB9-A15472111DF7/com_apple_MobileAsset_Font6/55d079f942c3173c5a194da022470141c3091401.zip	x de tr es cy ca fi sv nl fr hu cs is en da it lt id ms sk mt pt hr pl ro	Trattatello
1	5827422	sha1:64cd684d43ff3ddfcc1a3aadd76d7ac58f8ba8ec	http://updates-http.cdn-apple.com/2019/ios/041-71823-20190919-727D8F22-D598-11E9-BBB9-A15472111DF7/com_apple_MobileAsset_Font6/8def8795a8bc5906be76cb45d9ca92ff305adb0f.zip	x ja	Tsukushi A Round Gothic	Tsukushi A Round Gothic
1	5822158	sha1:1cf5f06ea81f448f6c264b2740fa1dc553fbe87b	http://updates-http.cdn-apple.com/2019/ios/041-71823-20190919-727D8F22-D598-11E9-BBB9-A15472111DF7/com_apple_MobileAsset_Font6/6ec5cb139687d842d0186f98215ef1c477df6cc0.zip	x ja	Tsukushi B Round Gothic	Tsukushi B Round Gothic
1	169608	sha1:5a76c49dfddc2dd13b8ab957ac6db87c34c24bb4	http://updates-http.cdn-apple.com/2019/ios/041-71823-20190919-727D8F22-D598-11E9-BBB9-A15472111DF7/com_apple_MobileAsset_Font6/67329099de92ea51e582082ad69be245b73042c6.zip	x id da cs ca hr sk is fr it fi pt sv en ms es hu de pl	Tw Cen MT	Tw Cen MT	Tw Cen MT	Tw Cen MT
1	55665	sha1:4938d6cf0ec6102c7987ad9401ae52e6599a565c	http://updates-http.cdn-apple.com/2019/ios/041-71823-20190919-727D8F22-D598-11E9-BBB9-A15472111DF7/com_apple_MobileAsset_Font6/332c59774416d45d23f0049998e86dd4535db27c.zip	x	Type Embellishments One LET
1	146722	sha1:fb5929e764aa78de4b5dfd53a28f3f333836f1e4	http://updates-http.cdn-apple.com/2019/ios/041-71823-20190919-727D8F22-D598-11E9-BBB9-A15472111DF7/com_apple_MobileAsset_Font6/5cdafc6cade8cb0549571d91dd9a69628921ea4d.zip	x ar	Waseem	Waseem
1	88292	sha1:f984e153a40cf45dbc98e9c35e8d7b4b0cdb4925	http://updates-http.cdn-apple.com/2019/ios/041-71823-20190919-727D8F22-D598-11E9-BBB9-A15472111DF7/com_apple_MobileAsset_Font6/1be3a7005c15755ca458c468c0c6d17c0a38034d.zip	x	Webdings
1	17432117	sha1:204f9db0636d5a97bcd3b43f14786802648135b4	http://updates-http.cdn-apple.com/2019/ios/041-71823-20190919-727D8F22-D598-11E9-BBB9-A15472111DF7/com_apple_MobileAsset_Font6/fcc77abee40ac0268e0a78ea256448a23736fcaf.zip	x zh-Hans zh	Weibei SC
1	11034609	sha1:e788b0c31433ee056787e261016e55788b730858	http://updates-http.cdn-apple.com/2019/ios/041-71823-20190919-727D8F22-D598-11E9-BBB9-A15472111DF7/com_apple_MobileAsset_Font6/583519b80beacd4c491545da47385740f651e7a6.zip	x zh-Hant	Weibei TC
1	53507	sha1:c6bb33b6403856defde54b86e1dde65779fc7947	http://updates-http.cdn-apple.com/2019/ios/041-71823-20190919-727D8F22-D598-11E9-BBB9-A15472111DF7/com_apple_MobileAsset_Font6/24fca95858e851e86d21355170544d99ba0fa999.zip	x	Wingdings
1	39858	sha1:5ed3b8ab18fdaa791433256f8199070a9f57d671	http://updates-http.cdn-apple.com/2019/ios/041-71823-20190919-727D8F22-D598-11E9-BBB9-A15472111DF7/com_apple_MobileAsset_Font6/634893e70d9b2acc1d49b7b2f9d49fdd5ebf3cb9.zip	x	Wingdings 2
1	21380	sha1:da839f2861ab2e6ec001844ce3c38bbac22c60a2	http://updates-http.cdn-apple.com/2019/ios/041-71823-20190919-727D8F22-D598-11E9-BBB9-A15472111DF7/com_apple_MobileAsset_Font6/46b0e3a0edf9344d32811393f6bf4951827e0694.zip	x	Wingdings 3
1	30722	sha1:0a7cd40ecd58517ca6b8aeaab9910d8edc226bfe	http://updates-http.cdn-apple.com/2019/ios/041-71823-20190919-727D8F22-D598-11E9-BBB9-A15472111DF7/com_apple_MobileAsset_Font6/c1150dbbe716058554c26bad6ba8975de93b5605.zip	x ar	Yaziji	.Yaziji PUA
1	6921232	sha1:2f5130dc8a9aa034a026bae600ecd29c2ce76000	http://updates-http.cdn-apple.com/2019/ios/041-71823-20190919-727D8F22-D598-11E9-BBB9-A15472111DF7/com_apple_MobileAsset_Font6/16410f7b0c96b4bb08d952fa04d67cd65a42f1b7.zip	x ja	YuGothic
1	6959327	sha1:69fd7eef10b03c6321f770c24665b1c4d026531c	http://updates-http.cdn-apple.com/2019/ios/041-71823-20190919-727D8F22-D598-11E9-BBB9-A15472111DF7/com_apple_MobileAsset_Font6/00a83746b65bd0a829eba9a553e88c60b18f89d7.zip	x ja	YuGothic
1	9506097	sha1:c98d36573e74e097d03c9e74fbf1a82ffcbadc38	http://updates-http.cdn-apple.com/2019/ios/041-71823-20190919-727D8F22-D598-11E9-BBB9-A15472111DF7/com_apple_MobileAsset_Font6/0fc316ba64aa111ba93c9f223464a35006524100.zip	x ja	YuKyokasho Yoko	YuKyokasho Yoko	YuKyokasho	YuKyokasho
1	18146109	sha1:d36c02fbe0241c45de61c75205946c2ed0feb4c5	http://updates-http.cdn-apple.com/2019/ios/041-71823-20190919-727D8F22-D598-11E9-BBB9-A15472111DF7/com_apple_MobileAsset_Font6/bdee83ea598d4a36c665b2095e0f39376e9c182b.zip	x ja	YuMincho	YuMincho	YuMincho	YuMincho +36p Kana	YuMincho +36p Kana	YuMincho +36p Kana
1	12548871	sha1:9c2f3aabf19fedd38a9fcba4d4695c8eb84f29a2	http://updates-http.cdn-apple.com/2019/ios/041-71823-20190919-727D8F22-D598-11E9-BBB9-A15472111DF7/com_apple_MobileAsset_Font6/c2e85ff2325814a0f6ebd90957fbdb5e5b396867.zip	x zh-Hans zh	Yuppy SC
1	12938978	sha1:3dfc9d8d033ae7f07d887716b2f7bfb4a7c452cb	http://updates-http.cdn-apple.com/2019/ios/041-71823-20190919-727D8F22-D598-11E9-BBB9-A15472111DF7/com_apple_MobileAsset_Font6/b6c310298897f0ac2b38dafd41cef452a0557a31.zip	x zh-Hant	Yuppy TC
1	82404	sha1:502744c027cdcf5c80bcd22ba668dd1fa43e2115	http://updates-http.cdn-apple.com/2019/ios/041-71823-20190919-727D8F22-D598-11E9-BBB9-A15472111DF7/com_apple_MobileAsset_Font6/d9b8c653fde56f4e7938922a5017f787b053cd8e.zip	x ar	Zawra	.Zawra PUA	Zawra	.Zawra PUA
1	914287	sha1:ddf15ad1504dfb97fc2673bfaeb1653851203f2b	http://updates-http.cdn-apple.com/2020/ios/061-87817-20200306-93DA4FC0-6008-11EA-A746-68B153371E3E/com_apple_MobileAsset_Font6/3cab7fb6a131a037dd4a552341ce0a1a49d0c58e.zip	x de es nb cy ca fi sv fr hu cs is en da it lt id nn vi ms sk mt pt hr pl ro	Druk Bold	Druk Bold	Druk	Druk	Druk	Druk	Druk	Druk Wide	Druk Wide Bold	Druk Wide Bold Italic
1	3063654	sha1:5655d9cd05e6daf2c1b2f848aaec4f49f31b568f	http://updates-http.cdn-apple.com/2020/ios/061-87817-20200306-93DA4FC0-6008-11EA-A746-68B153371E3E/com_apple_MobileAsset_Font6/3a62fa3ea4bd9113ee818fcaad8401dffde57cfa.zip	x ja	Hiragino Sans	.Hiragino Kaku Gothic Interface	Hiragino Kaku Gothic Std	Hiragino Kaku Gothic StdN
1	10037367	sha1:d295160f0221327c2070b88cb4da81e1a87030ad	http://updates-http.cdn-apple.com/2020/ios/061-87817-20200306-93DA4FC0-6008-11EA-A746-68B153371E3E/com_apple_MobileAsset_Font6/c9af2a80a37ce2f4f63f9a450f5246ba17f3b51f.zip	x zh-Hans zh	SimSong
1	158253	sha1:0da01fad2e8b5bf6e8283fcfaa5aa278b54b9d1f	http://updates-http.cdn-apple.com/2020/ios/061-87819-20200306-93DA1D52-6008-11EA-8852-69B153371E3E/com_apple_MobileAsset_Font6/08b8f0160fae5a609259e6b6d5b35aab4d11e8f0.zip	x de es cy ca fi sv fr hu cs is en da it lt id ms sk mt pt hr pl ro	Canela	Canela	Canela	Canela
1	240294	sha1:2cf8d2f2dddeed871eebe31a1350a179b9ab5d8f	http://updates-http.cdn-apple.com/2020/ios/061-87819-20200306-93DA1D52-6008-11EA-8852-69B153371E3E/com_apple_MobileAsset_Font6/26fba16ecdeb29726201773f3e3e5da4732d7e70.zip	x de es cy ca fi sv fr hu cs is en da it lt id ms sk mt pt hr pl ro	Canela Deck	Canela Deck	Canela Deck	Canela Deck	Canela Deck	Canela Deck
1	347669	sha1:63a994699bc588747636f43f3cfa1dfc72b1ed44	http://updates-http.cdn-apple.com/2020/ios/061-87819-20200306-93DA1D52-6008-11EA-8852-69B153371E3E/com_apple_MobileAsset_Font6/631db337e693316faabb555e9437c612030161f4.zip	x de es cy ca fi sv fr hu cs is en da it lt id ms sk mt pt hr pl ro	Canela Text	Canela Text	Canela Text	Canela Text	Canela Text	Canela Text
1	360067	sha1:51f19c0ce834a8a0973e804f2162aaf529cd2797	http://updates-http.cdn-apple.com/2020/ios/061-87819-20200306-93DA1D52-6008-11EA-8852-69B153371E3E/com_apple_MobileAsset_Font6/9007e548621f31e253af880a58640f419370c135.zip	x de es cy ca fi sv fr hu cs is en da it lt id ms sk mt pt hr pl ro	Domaine Display	Domaine Display	Domaine Display	Domaine Display	Domaine Display	Domaine Display
1	300713	sha1:a46e466a2e9226e9fd821981bdabbdb2e5011889	http://updates-http.cdn-apple.com/2020/ios/061-87819-20200306-93DA1D52-6008-11EA-8852-69B153371E3E/com_apple_MobileAsset_Font6/84947d479ac0d6534c6c95852520257a8422778b.zip	x es cy ca fi sv fr hu cs is en da it lt id ms sk mt pt hr pl de	Founders Grotesk	Founders Grotesk	Founders Grotesk	Founders Grotesk	Founders Grotesk	Founders Grotesk	Founders Grotesk	Founders Grotesk	Founders Grotesk	Founders Grotesk
1	93632	sha1:bea64d83d939ce422ca7ccff1b1a8a4ed3556ea6	http://updates-http.cdn-apple.com/2020/ios/061-87819-20200306-93DA1D52-6008-11EA-8852-69B153371E3E/com_apple_MobileAsset_Font6/4d7ee82724478f287778839b38f69dc683b4a4f1.zip	x es cy ca fi sv fr hu cs is en da it lt id ms sk mt pt hr pl de	Founders Grotesk Condensed	Founders Grotesk Condensed	Founders Grotesk Condensed
1	243757	sha1:4ebaf821c4b83f1a8e12e3375089f78f0eff9e63	http://updates-http.cdn-apple.com/2020/ios/061-87819-20200306-93DA1D52-6008-11EA-8852-69B153371E3E/com_apple_MobileAsset_Font6/4be032ac0b6a58077f1acb7207441faba84551ae.zip	x de es cy ca fi sv fr hu cs is en da it lt id ms sk mt pt hr pl ro	Founders Grotesk Text	Founders Grotesk Text	Founders Grotesk Text	Founders Grotesk Text
1	380442	sha1:998f8eba9988f642dc04eca4762e57535939b9fb	http://updates-http.cdn-apple.com/2020/ios/061-87819-20200306-93DA1D52-6008-11EA-8852-69B153371E3E/com_apple_MobileAsset_Font6/45c2d4ea0410d2a3768891474059142b22bfd7ac.zip	x es cy ca fi sv fr hu cs is en da it lt id ms sk mt pt hr pl de	Graphik	Graphik	Graphik	Graphik	Graphik	Graphik	Graphik	Graphik	Graphik	Graphik
1	348383	sha1:365647f4efcfc099eeb6fcc1c2cb13b51b0db2be	http://updates-http.cdn-apple.com/2020/ios/061-87819-20200306-93DA1D52-6008-11EA-8852-69B153371E3E/com_apple_MobileAsset_Font6/3bd41b84db6be8b41cfd3744620e00ca0f662d1e.zip	x de es cy ca fi sv fr hu cs is en da it lt id ms sk mt pt hr pl ro	Graphik Compact	Graphik Compact	Graphik Compact	Graphik Compact	Graphik Compact	Graphik Compact	Graphik Compact	Graphik Compact
1	304292	sha1:05cd2ae281c6aede299574efda482bc72eace8c1	http://updates-http.cdn-apple.com/2020/ios/061-87819-20200306-93DA1D52-6008-11EA-8852-69B153371E3E/com_apple_MobileAsset_Font6/eaaf3881d35601463d9fd9b17b87500e60e1f4b6.zip	x de es cy ca fi sv fr hu cs is en da it lt id ms sk mt pt hr pl ro	Produkt	Produkt	Produkt	Produkt	Produkt	Produkt	Produkt	Produkt
1	943095	sha1:d0de8343f8eeeda4bcf1a5b91e87ed85971238cc	http://updates-http.cdn-apple.com/2020/ios/061-87819-20200306-93DA1D52-6008-11EA-8852-69B153371E3E/com_apple_MobileAsset_Font6/3d1e8640223ec21a7510c346acd4d3abb45ba24f.zip	x de tr es cy nb ca fi sv nl fr hu cs is en da it lt id nn vi ms sk mt pt hr pl ro	Proxima Nova	Proxima Nova	Proxima Nova	Proxima Nova	Proxima Nova	Proxima Nova	Proxima Nova	Proxima Nova	Proxima Nova	Proxima Nova	Proxima Nova	Proxima Nova
1	703511	sha1:620e7e595cb5a7f29cf7347e2726aa848468df9e	http://updates-http.cdn-apple.com/2020/ios/061-87819-20200306-93DA1D52-6008-11EA-8852-69B153371E3E/com_apple_MobileAsset_Font6/25a5e512f49b1ddaf81b866ef1126aa91739737e.zip	x de es cy ca fi sv fr hu cs is en da it lt id vi ms sk mt pt hr pl ro	Publico Headline	Publico Headline	Publico Headline	Publico Headline	Publico Headline	Publico Headline
1	408129	sha1:ce1583bb9825f11e5d358cce3a6499ce8bf7b515	http://updates-http.cdn-apple.com/2020/ios/061-87819-20200306-93DA1D52-6008-11EA-8852-69B153371E3E/com_apple_MobileAsset_Font6/ddd558a6f1e291fd09562edb434c859cc0047676.zip	x es cy ca fi sv fr hu cs is en da it lt id ms sk mt pt hr pl de	Publico Text	Publico Text	Publico Text	Publico Text	Publico Text	Publico Text
1	89554	sha1:6af29a5a7b0bebdaad826505ca965aa2a580f2a1	http://updates-http.cdn-apple.com/2020/ios/061-87819-20200306-93DA1D52-6008-11EA-8852-69B153371E3E/com_apple_MobileAsset_Font6/96bc344754f88994043ee50389ca2538f1d315d5.zip	x es nb cy ca fi sv fr hu cs is en da it lt id nn ms sk mt pt hr pl de	Quotes Caps
1	176004	sha1:fded5f880fac10019851818986be941c3d669fe1	http://updates-http.cdn-apple.com/2020/ios/061-87819-20200306-93DA1D52-6008-11EA-8852-69B153371E3E/com_apple_MobileAsset_Font6/c58635046dfd5cfacfe02fb728da71819272e167.zip	x es nb cy ca fi sv fr hu cs is en da it lt id nn ms sk mt pt hr pl de	Quotes Script
1	80380	sha1:bbb1e200e58b120c59ff1c9c88aeb027c2e9d513	http://updates-http.cdn-apple.com/2020/ios/061-87819-20200306-93DA1D52-6008-11EA-8852-69B153371E3E/com_apple_MobileAsset_Font6/fae2c9f101f39190668e80d53c52bf5a4b471d34.zip	x de es nb ca fi sv fr hu cs is en da it lt id nn ms sk mt pt hr pl ro	Sauber Script
1	181446	sha1:8cd71eac9d1b0a7d1fe12c5857657acd2a01ac2f	http://updates-http.cdn-apple.com/2020/ios/061-87819-20200306-93DA1D52-6008-11EA-8852-69B153371E3E/com_apple_MobileAsset_Font6/22caa559ca5aa30335f2a23267dea663f486e125.zip	x de tr es cy ca fi sv nl fr hu cs is en da it lt id vi ms sk mt pt hr pl ro	Spot Mono	Spot Mono	Spot Mono
1	318330	sha1:47b344865ba1d40e0c218697cfe8e4e4ac26c8e1	http://updates-http.cdn-apple.com/2020/mobileassets/001-26051/B1CF7C35-D704-4F2D-82D1-DCE47CD14C5C/com_apple_MobileAsset_Font6/3a72e3990963625554365df61ac6874237540b7b.zip	x pa	MuktaMahee SemiBold	MuktaMahee Medium	MuktaMahee ExtraLight	MuktaMahee ExtraBold
2	1496582	sha1:2e7519e8dc76f9857894529b3d08ffea26841d97	http://updates-http.cdn-apple.com/2020/mobileassets/001-26051/B1CF7C35-D704-4F2D-82D1-DCE47CD14C5C/com_apple_MobileAsset_Font6/6119fee9d861a2923569633ebe5af5a5068e73f2.zip	x hi	Adelle Sans Devanagari	Adelle Sans Devanagari	Adelle Sans Devanagari	Adelle Sans Devanagari	Adelle Sans Devanagari	Adelle Sans Devanagari	Adelle Sans Devanagari
2	295958	sha1:8215ee203fe211862c26cc2900d3e81fd7f314f3	http://updates-http.cdn-apple.com/2020/mobileassets/001-26051/B1CF7C35-D704-4F2D-82D1-DCE47CD14C5C/com_apple_MobileAsset_Font6/41a9ddedd6514eba5f192653342dac129713d38d.zip	x hi en ta	Annai MN
2	1234872	sha1:0f5bdf82124e389fd43c6cafc9c130b8cd62c6c1	http://updates-http.cdn-apple.com/2020/mobileassets/001-26051/B1CF7C35-D704-4F2D-82D1-DCE47CD14C5C/com_apple_MobileAsset_Font6/5d8d5d73d5784e1782e3fd3c4a526aaaaaf0bb5c.zip	x hi	Baloo 2	Baloo 2	Baloo 2	Baloo 2	Baloo 2
2	892584	sha1:9f1c9657412863f488e960231d595264dee28be0	http://updates-http.cdn-apple.com/2020/mobileassets/001-26051/B1CF7C35-D704-4F2D-82D1-DCE47CD14C5C/com_apple_MobileAsset_Font6/fb60a6c835ed8aa91a3d390e95392ed74661805f.zip	x gu	Baloo Bhai 2	Baloo Bhai 2	Baloo Bhai 2	Baloo Bhai 2	Baloo Bhai 2
2	109245	sha1:b8b2f89631de717b0bd4fd64783a6ecb45665515	http://updates-http.cdn-apple.com/2020/mobileassets/001-26051/B1CF7C35-D704-4F2D-82D1-DCE47CD14C5C/com_apple_MobileAsset_Font6/7a9be0b8edca843b39a73b68409f35337631eb7f.zip	x ur ar	Baloo Bhaijaan
2	903466	sha1:5f4a98d86cdd08ad81ffd89dec010db122ea8fea	http://updates-http.cdn-apple.com/2020/mobileassets/001-26051/B1CF7C35-D704-4F2D-82D1-DCE47CD14C5C/com_apple_MobileAsset_Font6/1d1d32a529aad564ba50f9b108ef678173284660.zip	x or	Baloo Bhaina 2	Baloo Bhaina 2	Baloo Bhaina 2	Baloo Bhaina 2	Baloo Bhaina 2
2	721026	sha1:9597036e0ccd1d34f847144ee7731a1f92e6d703	http://updates-http.cdn-apple.com/2020/mobileassets/001-26051/B1CF7C35-D704-4F2D-82D1-DCE47CD14C5C/com_apple_MobileAsset_Font6/be9bbcdf199a060a7348aecabf05496747ebbfb4.zip	x ml	Baloo Chettan 2	Baloo Chettan 2	Baloo Chettan 2	Baloo Chettan 2	Baloo Chettan 2
2	978465	sha1:3ea74cd051c26b96d25d702746cf07f638e48aed	http://updates-http.cdn-apple.com/2020/mobileassets/001-26051/B1CF7C35-D704-4F2D-82D1-DCE47CD14C5C/com_apple_MobileAsset_Font6/4345378a1ce90a05ebdcd1aae9ddacbcbf7ec00f.zip	x bn	Baloo Da 2	Baloo Da 2	Baloo Da 2	Baloo Da 2	Baloo Da 2
2	591651	sha1:a4286ba6457b54c7359cfd109eed8ffd5e71487a	http://updates-http.cdn-apple.com/2020/mobileassets/001-26051/B1CF7C35-D704-4F2D-82D1-DCE47CD14C5C/com_apple_MobileAsset_Font6/ff84d3170ca2999c0f9da5736a18eab8f3988de5.zip	x pa	Baloo Paaji 2	Baloo Paaji 2	Baloo Paaji 2	Baloo Paaji 2	Baloo Paaji 2
2	1017840	sha1:8fe7ac1e8f05b58023cc6cec9b65d2733b623ad6	http://updates-http.cdn-apple.com/2020/mobileassets/001-26051/B1CF7C35-D704-4F2D-82D1-DCE47CD14C5C/com_apple_MobileAsset_Font6/068ef729cae10297df8669e20a2eb3e4a2168b12.zip	x kn	Baloo Tamma 2	Baloo Tamma 2	Baloo Tamma 2	Baloo Tamma 2	Baloo Tamma 2
2	1275906	sha1:af235d6e728aab89d9dd3af0450f6dfa73ee5a55	http://updates-http.cdn-apple.com/2020/mobileassets/001-26051/B1CF7C35-D704-4F2D-82D1-DCE47CD14C5C/com_apple_MobileAsset_Font6/cea6d92c0ca9c29a93ff5fcdbf2b7d9382778325.zip	x te	Baloo Tammudu 2	Baloo Tammudu 2	Baloo Tammudu 2	Baloo Tammudu 2	Baloo Tammudu 2
2	698929	sha1:127666b3c314053b828809b29478125515802fe9	http://updates-http.cdn-apple.com/2020/mobileassets/001-26051/B1CF7C35-D704-4F2D-82D1-DCE47CD14C5C/com_apple_MobileAsset_Font6/a27fbda5e5c3af3e3883e3e74ce518144bb52c53.zip	x ta	Baloo Thambi 2	Baloo Thambi 2	Baloo Thambi 2	Baloo Thambi 2	Baloo Thambi 2
2	116554	sha1:d19fade3d292027fd74e129d1640689ac0833810	http://updates-http.cdn-apple.com/2020/mobileassets/001-26051/B1CF7C35-D704-4F2D-82D1-DCE47CD14C5C/com_apple_MobileAsset_Font6/ebce809b0d6df4eb96207ea704af4c88131f08a2.zip	x id da nl ca cs sk cy fr it fi nn sv pt en ms es de nb	Blackmoor LET
2	575199	sha1:7afab26f95dd5170d52cb5efff7d72bfb28a0dcf	http://updates-http.cdn-apple.com/2020/mobileassets/001-26051/B1CF7C35-D704-4F2D-82D1-DCE47CD14C5C/com_apple_MobileAsset_Font6/d8bccb332c6e896509629067d953a4854a6d3827.zip	x hi brx mr kok ne	Gotu
2	418979	sha1:110bc10c24f9fc912369680342292de2349ada03	http://updates-http.cdn-apple.com/2020/mobileassets/001-26051/B1CF7C35-D704-4F2D-82D1-DCE47CD14C5C/com_apple_MobileAsset_Font6/ec978623f47f41a79345f8d3793af135f11ed1f3.zip	x de es nb cy ca fi sv fr hu cs is en da it lt id nn ms sk mt pt hr pl ro	Graphik	Graphik	Graphik	Graphik	Graphik	Graphik	Graphik	Graphik	Graphik	Graphik
2	77463	sha1:b6c8f2a4519303c71808d57ed7cedd2fc7d5ffec	http://updates-http.cdn-apple.com/2020/mobileassets/001-26051/B1CF7C35-D704-4F2D-82D1-DCE47CD14C5C/com_apple_MobileAsset_Font6/1624cb4ad16d2b98b1e801a0fd16c74099b039be.zip	x de tr es cy nb ca fi sv nl fr hu cs en da it lt id nn ms sk pt ro	Jazz LET
2	428881	sha1:7aa8ca6cd302293d90be1453e251cbb0040d3ea7	http://updates-http.cdn-apple.com/2020/mobileassets/001-26051/B1CF7C35-D704-4F2D-82D1-DCE47CD14C5C/com_apple_MobileAsset_Font6/85021cef02b967e642556e56547acbeabb8e8acd.zip	x hi	Katari	Katari
2	457243	sha1:7cd615509b25620be869b9cd2d27add5c71b2490	http://updates-http.cdn-apple.com/2020/mobileassets/001-26051/B1CF7C35-D704-4F2D-82D1-DCE47CD14C5C/com_apple_MobileAsset_Font6/85c18fe7b9fecfebc20fe795d7fbfba9247c1476.zip	x hi	Lava Devanagari	Lava Devanagari Medium	Lava Devanagari	Lava Devanagari Heavy
2	392146	sha1:25e583fa8fd7305aa75a1eeaa876e65126ddbc91	http://updates-http.cdn-apple.com/2020/mobileassets/001-26051/B1CF7C35-D704-4F2D-82D1-DCE47CD14C5C/com_apple_MobileAsset_Font6/9da8a8b17a5ec230ac0ca870cf4b459a2a7a3c46.zip	x kn	Lava Kannada Regular	Lava Kannada Medium	Lava Kannada Bold	Lava Kannada Heavy
2	359000	sha1:e47e1f382f4ad86c46233c1aefc2f6d6d9184638	http://updates-http.cdn-apple.com/2020/mobileassets/001-26051/B1CF7C35-D704-4F2D-82D1-DCE47CD14C5C/com_apple_MobileAsset_Font6/0dc70004755adb7be583491655b847dcd3fc6cde.zip	x te	Lava Telugu Regular	Lava Telugu Medium	Lava Telugu Bold	Lava Telugu Heavy
2	5550943	sha1:70df3a159b20cff818e3205c1e95701955894328	http://updates-http.cdn-apple.com/2020/mobileassets/001-26051/B1CF7C35-D704-4F2D-82D1-DCE47CD14C5C/com_apple_MobileAsset_Font6/ce51ca1d8fea058f7c61047c2b2bb90b08060280.zip	x zh-Hant	Apple LiSung
2	984389	sha1:7babaf7293456d536d2e8fc6cd28b738f3b2cb1a	http://updates-http.cdn-apple.com/2020/mobileassets/001-26051/B1CF7C35-D704-4F2D-82D1-DCE47CD14C5C/com_apple_MobileAsset_Font6/c1d66362d7dec365afaa52921f7feb9c874e8a4a.zip	x hi mr	Maku	Maku
2	182885	sha1:73f3d1e364d53eff3c0d8510687e9eccea93bb6c	http://updates-http.cdn-apple.com/2020/mobileassets/001-26051/B1CF7C35-D704-4F2D-82D1-DCE47CD14C5C/com_apple_MobileAsset_Font6/c6571e6ff5403d59a1e1698914c18ad3af10cbb5.zip	x de tr es cy nb ca fi sv nl fr hu cs is en da it lt id nn vi ms sk mt pt hr pl ro	Monaco
2	921751	sha1:7055b5790ada39101e98819bd4648767af6ee7ec	http://updates-http.cdn-apple.com/2020/mobileassets/001-26051/B1CF7C35-D704-4F2D-82D1-DCE47CD14C5C/com_apple_MobileAsset_Font6/1e324461664e65a257b5f9531a90197e963d42ff.zip	x hi	October Compressed Devanagari	October Compressed Devanagari Medium	October Compressed Devanagari	October Compressed Devanagari Heavy	October Compressed Devanagari Black	October Compressed Devanagari Light	October Compressed Devanagari ExtraLight	October Compressed Devanagari Thin	October Compressed Devanagari Hairline
2	507095	sha1:f7d48102809eb8f3ad8952a3ca98669cb4ab921c	http://updates-http.cdn-apple.com/2020/mobileassets/001-26051/B1CF7C35-D704-4F2D-82D1-DCE47CD14C5C/com_apple_MobileAsset_Font6/160f3556d3c6a29a3d2a4a12bf68f7d88dd3a7a2.zip	x ta	October Compressed Tamil	October Compressed Tamil Medium	October Compressed Tamil	October Compressed Tamil Heavy	October Compressed Tamil Black	October Compressed Tamil Light	October Compressed Tamil ExtraLight	October Compressed Tamil Thin	October Compressed Tamil Hairline
2	982415	sha1:1627c9d69c668903852a0760164cd0b7f08d887b	http://updates-http.cdn-apple.com/2020/mobileassets/001-26051/B1CF7C35-D704-4F2D-82D1-DCE47CD14C5C/com_apple_MobileAsset_Font6/bd07aa736771609f2b7b6b5769a4335801fcde5e.zip	x hi	October Condensed Devanagari	October Condensed Devanagari Medium	October Condensed Devanagari	October Condensed Devanagari Heavy	October Condensed Devanagari Black	October Condensed Devanagari Light	October Condensed Devanagari ExtraLight	October Condensed Devanagari Thin	October Condensed Devanagari Hairline
2	541103	sha1:e00e6b11356ebc66634b49b3ea3ec218de4930f6	http://updates-http.cdn-apple.com/2020/mobileassets/001-26051/B1CF7C35-D704-4F2D-82D1-DCE47CD14C5C/com_apple_MobileAsset_Font6/273c47674feb3e77c9deb5ce4849f95406645bca.zip	x ta	October Condensed Tamil	October Condensed Tamil Medium	October Condensed Tamil	October Condensed Tamil Heavy	October Condensed Tamil Black	October Condensed Tamil Light	October Condensed Tamil ExtraLight	October Condensed Tamil Thin	October Condensed Tamil Hairline
2	945124	sha1:f3bb329f4762319060c816f8d13fdba8a7bf7868	http://updates-http.cdn-apple.com/2020/mobileassets/001-26051/B1CF7C35-D704-4F2D-82D1-DCE47CD14C5C/com_apple_MobileAsset_Font6/e0f83c5279b52db1e5df8c172be540631bef268e.zip	x hi	October Devanagari	October Devanagari Medium	October Devanagari	October Devanagari Heavy	October Devanagari Black	October Devanagari Light	October Devanagari ExtraLight	October Devanagari Thin	October Devanagari Hairline
2	518240	sha1:67d62ddbb4289897e4264f49d47f33270de8ca5f	http://updates-http.cdn-apple.com/2020/mobileassets/001-26051/B1CF7C35-D704-4F2D-82D1-DCE47CD14C5C/com_apple_MobileAsset_Font6/01e7502ab3a311b7db7d0d420284184af4f90709.zip	x ta	October Tamil	October Tamil Medium	October Tamil	October Tamil Heavy	October Tamil Black	October Tamil Light	October Tamil ExtraLight	October Tamil Thin	October Tamil Hairline
2	2060658	sha1:6f601377b0e3bd54bc75319debf3986586457cf0	http://updates-http.cdn-apple.com/2020/mobileassets/001-26051/B1CF7C35-D704-4F2D-82D1-DCE47CD14C5C/com_apple_MobileAsset_Font6/47405a357e3ac82b7afbf33f535962172e3e3d10.zip	x ja	Osaka
2	1397643	sha1:9618e868da25914f395b7b8f95a691e724d67914	http://updates-http.cdn-apple.com/2020/mobileassets/001-26051/B1CF7C35-D704-4F2D-82D1-DCE47CD14C5C/com_apple_MobileAsset_Font6/eca12ba29af8fda43b3ebe09ae1c0606adc65a27.zip	x ja	Osaka
2	1144725	sha1:b19cac5dbeabb8a24a3669b1906290121f15bc05	http://updates-http.cdn-apple.com/2020/mobileassets/001-26051/B1CF7C35-D704-4F2D-82D1-DCE47CD14C5C/com_apple_MobileAsset_Font6/e77779bcbca664d2016b544c401eae1e46b44981.zip	x hi	Sama Devanagari	Sama Devanagari	Sama Devanagari	Sama Devanagari	Sama Devanagari	Sama Devanagari
2	1070458	sha1:4492f13e31e942e1e60c8f6e7e8f7844a6eb30cc	http://updates-http.cdn-apple.com/2020/mobileassets/001-26051/B1CF7C35-D704-4F2D-82D1-DCE47CD14C5C/com_apple_MobileAsset_Font6/7b1a2eff14b25a4b754ab444ec7e51e1c5b9c1a2.zip	x gu	Sama Gujarati	Sama Gujarati	Sama Gujarati	Sama Gujarati	Sama Gujarati	Sama Gujarati
2	236861	sha1:de23cf3d7ce739f4f0ccfbd1b0619dd805e5418d	http://updates-http.cdn-apple.com/2020/mobileassets/001-26051/B1CF7C35-D704-4F2D-82D1-DCE47CD14C5C/com_apple_MobileAsset_Font6/bfb6fc74c76bf016fbfa10dd809cdb6fca995c34.zip	x pa	Sama Gurmukhi	Sama Gurmukhi	Sama Gurmukhi	Sama Gurmukhi	Sama Gurmukhi	Sama Gurmukhi
2	765371	sha1:dbf3262f1a30746fd653e767c46d9469c9c232ca	http://updates-http.cdn-apple.com/2020/mobileassets/001-26051/B1CF7C35-D704-4F2D-82D1-DCE47CD14C5C/com_apple_MobileAsset_Font6/eb39e6a58df985ec9141f499f2911cd48a4c7bc3.zip	x kn	Sama Kannada	Sama Kannada	Sama Kannada	Sama Kannada	Sama Kannada	Sama Kannada
2	307335	sha1:56fb82c21b768fe88bdcdad24880e10c3c43226f	http://updates-http.cdn-apple.com/2020/mobileassets/001-26051/B1CF7C35-D704-4F2D-82D1-DCE47CD14C5C/com_apple_MobileAsset_Font6/c14fe09aac55e2a811b21b562dc053a3026220b7.zip	x ml	Sama Malayalam	Sama Malayalam	Sama Malayalam	Sama Malayalam	Sama Malayalam	Sama Malayalam
2	369490	sha1:fbff1e428531a09a19fcf5f47ab57db0afbf2821	http://updates-http.cdn-apple.com/2020/mobileassets/001-26051/B1CF7C35-D704-4F2D-82D1-DCE47CD14C5C/com_apple_MobileAsset_Font6/c53a4b7b9b6d711ecb97d73840118ac0f680e998.zip	x ta	Sama Tamil	Sama Tamil	Sama Tamil	Sama Tamil	Sama Tamil	Sama Tamil
2	22719972	sha1:5ca40b5801914285f73bd563b4172761d16c1ef6	http://updates-http.cdn-apple.com/2020/mobileassets/001-26051/B1CF7C35-D704-4F2D-82D1-DCE47CD14C5C/com_apple_MobileAsset_Font6/61c49f4632f9c10ad2521da713cda25f94f77be3.zip	x zh-Hans zh	SimSong	SimSong
2	181497	sha1:91c31844ee2669fb167fb392717cb7113ed914be	http://updates-http.cdn-apple.com/2020/mobileassets/001-26051/B1CF7C35-D704-4F2D-82D1-DCE47CD14C5C/com_apple_MobileAsset_Font6/359642506c950c38ec774d783c1217b5e764fee0.zip	x de tr es cy nb ca fi sv nl fr hu cs is en da it lt id nn vi ms sk mt pt hr pl ro	Spot Mono	Spot Mono	Spot Mono
2	159343	sha1:e015ba7b7510e6145c42589d237e08f8648f3f0a	http://updates-http.cdn-apple.com/2020/mobileassets/001-26051/B1CF7C35-D704-4F2D-82D1-DCE47CD14C5C/com_apple_MobileAsset_Font6/5c78f8307c8ed22dfae2da4759a4a516ff3bf0da.zip	x de tr es nb ca fi sv nl fr hu cs is en da it lt id nn ms sk pt pl ro	Stone Sans Sem ITC TT	Stone Sans Sem ITC TT	Stone Sans ITC TT
2	43704732	sha1:77bc5b79c9b56c12f7ce21f64191f05bd93c9890	http://updates-http.cdn-apple.com/2020/mobileassets/001-26051/B1CF7C35-D704-4F2D-82D1-DCE47CD14C5C/com_apple_MobileAsset_Font6/3e85b3e4a70f5ff9eb786b401e429dd8345375e5.zip	x zh-Hans zh zh-Hant	Songti SC	Songti SC	Songti TC	Songti SC	STSong	Songti TC	Songti SC	Songti TC
2	46455456	sha1:aaf4df5172c2ce7e3195859ff30ca6e4bb7be1aa	http://updates-http.cdn-apple.com/2020/mobileassets/001-26051/B1CF7C35-D704-4F2D-82D1-DCE47CD14C5C/com_apple_MobileAsset_Font6/5cd7ab25aa37ed171827d6fe772a80748a98ef6d.zip	x zh-Hans zh zh-Hant	Yuanti SC	Yuanti TC	Yuanti SC	Yuanti TC	Yuanti SC	Yuanti TC
2	347589	sha1:6f944e9e7a5ac533840d82ef28f7e1e45d7a117e	http://updates-http.cdn-apple.com/2020/mobileassets/001-26051/B1CF7C35-D704-4F2D-82D1-DCE47CD14C5C/com_apple_MobileAsset_Font6/14265621ef36c5f52fbf748710f3571500a5d7dd.zip	x ta	Tamil Sangam MN	Grantha Sangam MN	Tamil Sangam MN	Grantha Sangam MN	Tamil Sangam MN	Grantha Sangam MN	Tamil Sangam MN	Grantha Sangam MN
2	303787	sha1:d69b6595435e64149a8c63e749a3cecfa479dcff	http://updates-http.cdn-apple.com/2020/mobileassets/001-26051/B1CF7C35-D704-4F2D-82D1-DCE47CD14C5C/com_apple_MobileAsset_Font6/b9c3b578368dd1105e2a94f15cb75563e3b2c476.zip	x bn	Tiro Bangla	Tiro Bangla
2	363060	sha1:18a238b47d29142364b35dc6197a81b091fbedc0	http://updates-http.cdn-apple.com/2020/mobileassets/001-26051/B1CF7C35-D704-4F2D-82D1-DCE47CD14C5C/com_apple_MobileAsset_Font6/904a3810f069839e7708f460e0bcbd770920b724.zip	x hi	Tiro Devanagari Hindi	Tiro Devanagari Hindi
2	428669	sha1:3b6363b424afcf241f5887762adc371aec18752e	http://updates-http.cdn-apple.com/2020/mobileassets/001-26051/B1CF7C35-D704-4F2D-82D1-DCE47CD14C5C/com_apple_MobileAsset_Font6/ec513bff065875dfc33b74ee1e390ff03222a587.zip	x hi mr	Tiro Devanagari Marathi	Tiro Devanagari Marathi
2	556110	sha1:62f872f94b42d56e535e7da9ca42ec690c10691b	http://updates-http.cdn-apple.com/2020/mobileassets/001-26051/B1CF7C35-D704-4F2D-82D1-DCE47CD14C5C/com_apple_MobileAsset_Font6/cfa1778906704813ece48861f3a9d1b4b36479ad.zip	x hi	Tiro Devanagari Sanskrit	Tiro Devanagari Sanskrit
2	168337	sha1:b586bb257fc2efc67558d2ddb3ca6b4b7df52398	http://updates-http.cdn-apple.com/2020/mobileassets/001-26051/B1CF7C35-D704-4F2D-82D1-DCE47CD14C5C/com_apple_MobileAsset_Font6/6d0c7d1aa6a598592f426553aabff1c4109135bd.zip	x pa	Tiro Gurmukhi	Tiro Gurmukhi
2	332173	sha1:f357ce67f80f4e29dbbe7ba5c9e620769875a89b	http://updates-http.cdn-apple.com/2020/mobileassets/001-26051/B1CF7C35-D704-4F2D-82D1-DCE47CD14C5C/com_apple_MobileAsset_Font6/40c980b283891469985538c6506de55d8a3810db.zip	x kn	Tiro Kannada	Tiro Kannada
2	191195	sha1:d598e30014d0e010d8eb74fbe4a175626cfdec32	http://updates-http.cdn-apple.com/2020/mobileassets/001-26051/B1CF7C35-D704-4F2D-82D1-DCE47CD14C5C/com_apple_MobileAsset_Font6/51749116a5263f96fff925a4e65984a624d81efe.zip	x ta	Tiro Tamil	Tiro Tamil
2	416176	sha1:5e1d5b0cdcf821a6c7fab09d4e6f3678833acbec	http://updates-http.cdn-apple.com/2020/mobileassets/001-26051/B1CF7C35-D704-4F2D-82D1-DCE47CD14C5C/com_apple_MobileAsset_Font6/9a434a424886aef3e8278b0a326c1a9f155b1dde.zip	x te	Tiro Telugu	Tiro Telugu
2	9506527	sha1:993a671d15aa9e8ffd25158de95e401105ad4486	http://updates-http.cdn-apple.com/2020/mobileassets/001-26051/B1CF7C35-D704-4F2D-82D1-DCE47CD14C5C/com_apple_MobileAsset_Font6/bf3dc4579b9aab95801aaba773fc9bb83893b991.zip	x ja	YuKyokasho Yoko	YuKyokasho Yoko	YuKyokasho	YuKyokasho
